Workbook
Name AnsA: Lookups!$P$4:$P$7
Name AnsATBL: Lookups!$P$4:$Q$7
Name AnsB: Lookups!$P$10:$P$13
Name AnsBTBL: Lookups!$P$10:$Q$13
Name AnsC: Lookups!$P$16:$P$19
Name AnsCTBL: Lookups!$P$16:$Q$19
Name AnsD: Lookups!$P$22:$P$25
Name AnsDTBL: Lookups!$P$22:$Q$25
Name AnsE: Lookups!$P$28:$P$31
Name AnsETBL: Lookups!$P$28:$Q$31
Name AnsF: Lookups!$P$34:$P$37
Name AnsFTBL: Lookups!$P$34:$Q$37
Name AnsG: Lookups!$P$40:$P$43
Name AnsGTBL: Lookups!$P$40:$Q$43
Name AnsH: Lookups!$P$46:$P$49
Name AnsHTBL: Lookups!$P$46:$Q$49
Name AnsI: Lookups!$P$52:$P$55
Name AnsITBL: Lookups!$P$52:$Q$55
Name AnsJ: Lookups!$P$58:$P$61
Name AnsJTBL: Lookups!$P$58:$Q$61
Name AnsK: Lookups!$P$64:$P$67
Name AnsKTBL: Lookups!$P$64:$Q$67
Name AnsL: Lookups!$P$70:$P$73
Name AnsLTBL: Lookups!$P$70:$Q$73
Name AnsM: Lookups!$P$76:$P$79
Name AnsMTBL: Lookups!$P$76:$Q$79
Name AnsN: Lookups!$P$82:$P$85
Name AnsNTBL: Lookups!$P$82:$Q$85
Name AnsO: Lookups!$P$88:$P$91
Name AnsOTBL: Lookups!$P$88:$Q$91
Name AnsP: Lookups!$P$94:$P$97
Name AnsPTBL: Lookups!$P$94:$Q$97
Name AnsQ: Lookups!$P$100:$P$103
Name AnsQTBL: Lookups!$P$100:$Q$103
Name AnsR: Lookups!$P$106:$P$109
Name AnsRTBL: Lookups!$P$106:$Q$109
Name AnsS: Lookups!$P$112:$P$115
Name AnsSTBL: Lookups!$P$112:$Q$115
Name AnsT: Lookups!$P$118:$P$121
Name AnsTTBL: Lookups!$P$118:$Q$121
Name AnsU: Lookups!$P$124:$P$127
Name AnsUTBL: Lookups!$P$124:$Q$127
Name AnsV: Lookups!$P$130:$P$133
Name AnsVTBL: Lookups!$P$130:$Q$133
Name AnsW: Lookups!$P$136:$P$139
Name AnsWTBL: Lookups!$P$136:$Q$139
Name AnsX: Lookups!$P$142:$P$145
Name AnsXTBL: Lookups!$P$142:$Q$145
Name AnsY: Lookups!$P$148:$P$151
Name AnsYTBL: Lookups!$P$148:$Q$151
Name D_SA_A_1_1: #REF!
Name D_SA_A_1_1: '[1]DV-Lists'!$A$9:$A$13
Name D_SA_A_1_1: 'DV-Lists'!$A$9:$A$13
Name D_SA_A_2_1: #REF!
Name D_SA_A_2_1: '[1]DV-Lists'!$C$9:$C$13
Name D_SA_A_2_1: 'DV-Lists'!$C$9:$C$13
Name D_SA_A_3_1: #REF!
Name D_SA_A_3_1: '[1]DV-Lists'!$E$9:$E$13
Name D_SA_A_3_1: 'DV-Lists'!$E$9:$E$13
Name D_SA_B_1_1: #REF!

Sheet Attribution and License
A1: OWASP Software Assurance Maturity Model (SAMM)
A3: Version: | B3: 'v2.1.1
A5: Description: | B5: Our mission is to provide an effective and measurable way for all types of organizations to analyze and improve their software security posture. We want to raise awareness and educate organizations on how to design, develop, and deploy secure software through our self-assessment model.
A7: License: | B7: Creative Commons Attribution-ShareAlike 4.0 License
B8: This work is licensed under the Creative Commons Attribution-Share Alike 3.0 License. To view a copy of this license, visit http://creativecommons.org/licenses/by-sa/3.0/legalcode; or, (b) send a letter to Creative Commons, 171 2nd Street, Suite 300, San Francisco, California, 94105, USA.
A35: Element: | B35: Toolbox for v2.0
A36: Authors: | B36: Yan Kravchenko, multiple core team members
A37: Contributors: | B37: The SAMM project team
A39: Element: | B39: Toolbox for v1.5
A40: Authors: | B40: Brian Glas
A42: Element: | B42: Roadmap Chart Template v1.0
A43: Author: | B43: Colin Watson
A44: Contributors: | B44: Aidan Lynch
A46: Element: | B46: Interview Template v1.0
A47: Author(s): | B47: Nick Coblentz, Eoin Keary, and Seba Deleersnyder
A48: Contributors:
A50: SAMM | B50: The Software Assurance Maturity Model (SAMM) was created by Pravir Chandra and is now an Open Web Application Security Project (OWASP) project.
B51: SAMM is licensed under the Creative Commons Attribution-Share Alike 4.0 License
B52: https://owaspsamm.org/

Sheet Getting Started
A1: Action | C1: Description | D1: More details
A2: 1 | B2: Understand OWASP SAMM | C2: The Software Assurance Maturity Model (SAMM) provides an effective and measurable way to analyze and improve your software security posture. This spreadsheet is only an assessment tool and does not replace or summarize the model. In order to use this spreadsheet, you need to have familiarized yourself with the full the model. A free self-paced training is available to speed up your learning. | D2: https://www.youtube.com/watch?v=b8N8knQdbA4
D3: https://owaspsamm.org/model/
D4: https://owaspsamm.thinkific.com/courses/samm
A5: 2 | B5: Define the Scope | C5: Before starting, define your goals and decide whether you are assessing a specific application, a development team, or the entire organization. Consistency in scope is key to accurate results over time. | D5: https://owaspsamm.org/blog/2023/05/24/determining-scope-when-implementing-samm/
A6: 3 | B6: Conduct the Interview | C6: Go to the Interview sheet. Gather the relevant stakeholders (e.g., Lead Developers, Security Champions, Product Owners), organize workshops or interviews to capture input, and answer the multiple-choice questions for each Security Practice. Select the best matching answer from the drop-down lists and use the "Interview Notes" column to document context or justifications. | D6: https://owaspsamm.org/assessment-guide/
D7: https://owaspsamm.org/blog/2025/02/09/owasp-samm-skills-framework/
A8: 4 | B8: Review the Scorecard | C8: Once the interview is complete, switch to the Scorecard sheet. This is a read-only dashboard that automatically calculates your current maturity scores based on the answers provided in the Interview sheet.
A9: 5 | B9: Plan Your Roadmap | C9: Navigate to the Roadmap sheet to plan your improvement phases. You can set target maturity levels across different phases (Phase 1, 2, 3, etc.) and visualize your desired security journey in the Roadmap Chart sheet. | D9: https://owaspsamm.org/blog/2025/01/21/samm-relative-scoring/
A10: 6 | B10: Contribute to the Benchmark | C10: Help the OWASP community by anonymously sharing your assessment! Go to the Benchmark sheet, fill out the basic demographic data (your company name is not required), and follow the upload instructions to submit your file. This helps build industry-wide SAMM benchmarking statistics. | D10: https://owaspsamm.org/benchmark/

Sheet Benchmark
B1: This worksheet is for importing the data from this workbook into the SAMM Benchmarking system. Please complete the demographic data, all other data will auto-populate. | D1: To import this worksheet into your current SAMM worksheet follow these steps: 1. Have this workbook and your completed workbook open. 2. Right-clck the benchmark worksheet and choose "Move or Copy" 3. Change the workbook name to your SAMM workbook 4. Click Interview and check the box to make a copy 5. Once copied, open the Benchmark worksheet in your SAMM workbook 6. Click on the Formulas menu, and click "Show Formulas" 7. Ctrl-F and chose replace, enter in "[SAMM_spreadsheet]" and Replace All 8. Uncheck "Show Formulas", this should ensure that the auto linking is relative to your SAMM workbook. 9. Verify the scoring is represented in the table below. 10. Complete the demographic drop down selections. 11. Delete the company name if you desire before submission (it's not saved in the database either way) 12. Upload your file to https://bit.ly/sammbenchmarksubmission 13. An automated process will move the file into a secure Azure Blob for processing and remove the file. 14. Confirm the file is no longer visible in the folder you uploaded to after approximately 5 minutes. 15. If you have any issues or questions please email brian.glas@owasp.org
F2: Benchmark Lookups
F4: Type of Assessment | G4: Scope | H4: Region | I4: Industry | J4: Developers | K4: App Security | L4: Champions | M4: SDL
B5: Please complete this section | C5: Do not insert or delete lines | D5: Description | F5: Self-Assessment | G5: Company | H5: Africa | I5: Multiple | J5: 1-100 | K5: 1-5 | L5: 0 | M5: Waterfall
F6: Third-Party Assessment | G6: Organization | H6: Asia-Pacific | I6: Government | J6: 101-1000 | K6: 6-10 | L6: 1-20 | M6: AgileFall
B7: Version of SAMM | C7: ='Attribution and License'!B3 -> 'v2.1.1 | D7: Automatic from the Attribution Page | G7: Team | H7: Europe | I7: Critical Infrastructure | J7: 1001-10000 | K7: 11-20 | L7: 21-50 | M7: Agile
B8: Date of Assessment | C8: =Interview!D12 -> 0 | D8: Automatic from the Interview Page | H8: Latin America | I8: Defense | J8: 10000+ | K8: 20+ | L8: 51-100 | M8: Other
B9: Type of Assessment | D9: Choose the type of assessment | H9: North America | I9: Aerospace | L9: 100+
B10: Scope of Assessment | D10: Scope can be full org, a department/business unit/etc, or an individual team | H10: Global | I10: Automotive
B11: Geographic Region | D11: Select the best region | H11: Other | I11: Manufacturing
B12: Primary Industry | D12: Select the best fit for primary industry | I12: Healthcare
B13: Company Level of Developers | D13: How many developers within the company (estimated) | I13: Finance
B14: Company Level of App Security | D14: How many application security personnel in the company (estimated) | I14: Fintech
B15: Company Security Champions | D15: How many security champions in the company (estimated) | I15: IoT
B16: Target Level of Developers | D16: How many developers within the scope of the assessment (estimated) | I16: Cloud
B17: Primary SDL Methodology | D17: Primary software development methodology | I17: ISV
B18: Composite Score | C18: =Scorecard!J19 -> 0 | D18: Automatic from the Scorecard Sheet | I18: Retail
B19: Governance Score | C19: =Scorecard!J14 -> 0 | D19: Automatic from the Scorecard Sheet | I19: Other
B20: Design Score | C20: =Scorecard!J15 -> 0 | D20: Automatic from the Scorecard Sheet
B21: Implementation Score | C21: =Scorecard!J16 -> 0 | D21: Automatic from the Scorecard Sheet
B22: Verification Score | C22: =Scorecard!J17 -> 0 | D22: Automatic from the Scorecard Sheet
B23: Operations Score | C23: =Scorecard!J18 -> 0 | D23: Automatic from the Scorecard Sheet
B24: =Scorecard!B14 -> Strategy & Metrics | C24: =Scorecard!C14 -> 0 | D24: Automatic from the Scorecard Sheet
B25: =Scorecard!B15 -> Policy & Compliance | C25: =Scorecard!C15 -> 0 | D25: Automatic from the Scorecard Sheet
B26: =Scorecard!B16 -> Education & Guidance | C26: =Scorecard!C16 -> 0 | D26: Automatic from the Scorecard Sheet
B27: =Scorecard!B17 -> Threat Assessment | C27: =Scorecard!C17 -> 0 | D27: Automatic from the Scorecard Sheet
B28: =Scorecard!B18 -> Security Requirements | C28: =Scorecard!C18 -> 0 | D28: Automatic from the Scorecard Sheet
B29: =Scorecard!B19 -> Secure Architecture | C29: =Scorecard!C19 -> 0 | D29: Automatic from the Scorecard Sheet
B30: =Scorecard!B20 -> Secure Build | C30: =Scorecard!C20 -> 0 | D30: Automatic from the Scorecard Sheet
B31: =Scorecard!B21 -> Secure Deployment | C31: =Scorecard!C21 -> 0 | D31: Automatic from the Scorecard Sheet
B32: =Scorecard!B22 -> Defect Management | C32: =Scorecard!C22 -> 0 | D32: Automatic from the Scorecard Sheet
B33: =Scorecard!B23 -> Architecture Assessment | C33: =Scorecard!C23 -> 0 | D33: Automatic from the Scorecard Sheet
B34: =Scorecard!B24 -> Requirements Testing | C34: =Scorecard!C24 -> 0 | D34: Automatic from the Scorecard Sheet
B35: =Scorecard!B25 -> Security Testing | C35: =Scorecard!C25 -> 0 | D35: Automatic from the Scorecard Sheet
... B38: =Scorecard!B28 -> Operational Management | C38: =Scorecard!C28 -> 0 | D38: Automatic from the Scorecard Sheet
B39: G-SM-A-1-1 | C39: =VLOOKUP(B39,Interview!$A$18:$J$230,7,FALSE) -> 0 | D39: Automatic from the Interview Sheet
B40: G-SM-A-2-1 | C40: =VLOOKUP(B40,Interview!$A$18:$J$230,7,FALSE) -> 0 | D40: Automatic from the Interview Sheet
B41: G-SM-A-3-1 | C41: =VLOOKUP(B41,Interview!$A$18:$J$230,7,FALSE) -> 0 | D41: Automatic from the Interview Sheet
B42: G-SM-B-1-1 | C42: =VLOOKUP(B42,Interview!$A$18:$J$230,7,FALSE) -> 0 | D42: Automatic from the Interview Sheet
B43: G-SM-B-2-1 | C43: =VLOOKUP(B43,Interview!$A$18:$J$230,7,FALSE) -> 0 | D43: Automatic from the Interview Sheet
B44: G-SM-B-3-1 | C44: =VLOOKUP(B44,Interview!$A$18:$J$230,7,FALSE) -> 0 | D44: Automatic from the Interview Sheet
B45: G-PC-A-1-1 | C45: =VLOOKUP(B45,Interview!$A$18:$J$230,7,FALSE) -> 0 | D45: Automatic from the Interview Sheet
B46: G-PC-A-2-1 | C46: =VLOOKUP(B46,Interview!$A$18:$J$230,7,FALSE) -> 0 | D46: Automatic from the Interview Sheet
B47: G-PC-A-3-1 | C47: =VLOOKUP(B47,Interview!$A$18:$J$230,7,FALSE) -> 0 | D47: Automatic from the Interview Sheet
B48: G-PC-B-1-1 | C48: =VLOOKUP(B48,Interview!$A$18:$J$230,7,FALSE) -> 0 | D48: Automatic from the Interview Sheet
B49: G-PC-B-2-1 | C49: =VLOOKUP(B49,Interview!$A$18:$J$230,7,FALSE) -> 0 | D49: Automatic from the Interview Sheet
B50: G-PC-B-3-1 | C50: =VLOOKUP(B50,Interview!$A$18:$J$230,7,FALSE) -> 0 | D50: Automatic from the Interview Sheet
... B128: O-OM-B-3-1 | C128: =VLOOKUP(B128,Interview!$A$18:$J$230,7,FALSE) -> 0 | D128: Automatic from the Interview Sheet

Sheet Interview
B1: =CONCATENATE("SAMM Assessment Interview: ",D11," For ",D10) -> SAMM Assessment Interview: For
B3: Instructions
B4: Interview an individual based on the questions below organized according to SAMM Business Functions and Security Practices.
B5: Select the best answer from the multiple choice drop down selections in the answer column.
B6: Document additional information such as how and why in the "Interview Notes" column.
B7: The formulas in hidden columns F-H will calculate the scores and update the Rating boxes and other worksheets as needed.
B8: Once the interview is complete, go to the "Scorecard" sheet and follow instructions.
B10: Organization:
B11: Team/Application:
B12: Interview Date:
B13: Team Lead:
B14: Contributors:
B16: Governance
B17: Stream | C17: Level | D17: Strategy & Metrics | F17: Answer | I17: Interview Notes | J17: Rating
A18: G-SM-A-1-1 | B18: =INDEX('imp-questions'!D:D, MATCH(A18, 'imp-questions'!A:A, 0)) -> Create and Promote | C18: =INDEX('imp-questions'!E:E, MATCH(A18, 'imp-questions'!A:A, 0)) -> 1 | D18: =INDEX('imp-questions'!F:F, MATCH(A18, 'imp-questions'!A:A, 0)) -> Do you understand the enterprise-wide risk appetite for your applications? | E18: =CHAR(65+INDEX('imp-questions'!H:H, MATCH(A18, 'imp-questions'!A:A, 0))) -> N | G18: =IFERROR(INDEX(INDIRECT("Ans" & E18 & "TBL"), MATCH(F18, INDEX(INDIRECT("Ans" & E18 & "TBL"), 0, 1), 0), 2), 0) -> 0 | H18: =IFERROR(AVERAGE(G18,G25),0) -> 0 | J18: =SUM(H18,H20,H22) -> 0
D19: =INDEX('imp-questions'!G:G, MATCH(A18, 'imp-questions'!A:A, 0)) -> You capture the risk appetite of your organization's executive leadership The organization's leadership vet and approve the set of risks You identify the main business and technical threats to your assets and data You document risks and store them in an accessible location
A20: G-SM-A-2-1 | C20: =INDEX('imp-questions'!E:E, MATCH(A20, 'imp-questions'!A:A, 0)) -> 2 | D20: =INDEX('imp-questions'!F:F, MATCH(A20, 'imp-questions'!A:A, 0)) -> Do you have a strategic plan for application security and use it to make decisions? | E20: =CHAR(65+INDEX('imp-questions'!H:H, MATCH(A20, 'imp-questions'!A:A, 0))) -> O | G20: =IFERROR(INDEX(INDIRECT("Ans" & E20 & "TBL"), MATCH(F20, INDEX(INDIRECT("Ans" & E20 & "TBL"), 0, 1), 0), 2), 0) -> 0 | H20: =IFERROR(AVERAGE(G20,G27),0) -> 0
D21: =INDEX('imp-questions'!G:G, MATCH(A20, 'imp-questions'!A:A, 0)) -> The plan reflects the organization's business priorities and risk appetite The plan includes measurable milestones and a budget The plan is consistent with the organization's business drivers and risks The plan lays out a roadmap for strategic and tactical initiatives You have buy-in from stakeholders, including development teams
A22: G-SM-A-3-1 | C22: =INDEX('imp-questions'!E:E, MATCH(A22, 'imp-questions'!A:A, 0)) -> 3 | D22: =INDEX('imp-questions'!F:F, MATCH(A22, 'imp-questions'!A:A, 0)) -> Do you regularly review and update the Strategic Plan for Application Security? | E22: =CHAR(65+INDEX('imp-questions'!H:H, MATCH(A22, 'imp-questions'!A:A, 0))) -> P | G22: =IFERROR(INDEX(INDIRECT("Ans" & E22 & "TBL"), MATCH(F22, INDEX(INDIRECT("Ans" & E22 & "TBL"), 0, 1), 0), 2), 0) -> 0 | H22: =IFERROR(AVERAGE(G22,G29),0) -> 0
D23: =INDEX('imp-questions'!G:G, MATCH(A22, 'imp-questions'!A:A, 0)) -> You review and update the plan in response to significant changes in the business environment, the organization, or its risk appetite Plan update steps include reviewing the plan with all the stakeholders and updating the business drivers and strategies You adjust the plan and roadmap based on lessons learned from completed roadmap activities You publish progress information on roadmap activities, making sure they are available to all stakeholders
A25: G-SM-B-1-1 | B25: =INDEX('imp-questions'!D:D, MATCH(A25, 'imp-questions'!A:A, 0)) -> Measure and Improve | C25: =INDEX('imp-questions'!E:E, MATCH(A25, 'imp-questions'!A:A, 0)) -> 1 | D25: =INDEX('imp-questions'!F:F, MATCH(A25, 'imp-questions'!A:A, 0)) -> Do you use a set of metrics to measure the effectiveness and efficiency of the application security program across applications? | E25: =CHAR(65+INDEX('imp-questions'!H:H, MATCH(A25, 'imp-questions'!A:A, 0))) -> Q | G25: =IFERROR(INDEX(INDIRECT("Ans" & E25 & "TBL"), MATCH(F25, INDEX(INDIRECT("Ans" & E25 & "TBL"), 0, 1), 0), 2), 0) -> 0
D26: =INDEX('imp-questions'!G:G, MATCH(A25, 'imp-questions'!A:A, 0)) -> You document each metric, including a description of the sources, measurement coverage, and guidance on how to use it to explain application security trends Metrics include measures of efforts, results, and the environment measurement categories Most of the metrics are frequently measured, easy or inexpensive to gather, and expressed as a cardinal number or a percentage Application security and development teams publish metrics
A27: G-SM-B-2-1 | C27: =INDEX('imp-questions'!E:E, MATCH(A27, 'imp-questions'!A:A, 0)) -> 2 | D27: =INDEX('imp-questions'!F:F, MATCH(A27, 'imp-questions'!A:A, 0)) -> Did you define Key Performance Indicators (KPI) from available application security metrics? | E27: =CHAR(65+INDEX('imp-questions'!H:H, MATCH(A27, 'imp-questions'!A:A, 0))) -> S | G27: =IFERROR(INDEX(INDIRECT("Ans" & E27 & "TBL"), MATCH(F27, INDEX(INDIRECT("Ans" & E27 & "TBL"), 0, 1), 0), 2), 0) -> 0
D28: =INDEX('imp-questions'!G:G, MATCH(A27, 'imp-questions'!A:A, 0)) -> You defined KPIs after gathering enough information to establish realistic objectives You developed KPIs with the buy-in from the leadership and teams responsible for application security KPIs are available to the application teams and include acceptability thresholds and guidance in case teams need to take action Success of the application security program is clearly visible based on defined KPIs
A29: G-SM-B-3-1 | C29: =INDEX('imp-questions'!E:E, MATCH(A29, 'imp-questions'!A:A, 0)) -> 3 | D29: =INDEX('imp-questions'!F:F, MATCH(A29, 'imp-questions'!A:A, 0)) -> Do you update the Application Security strategy and roadmap based on application security metrics and KPIs? | E29: =CHAR(65+INDEX('imp-questions'!H:H, MATCH(A29, 'imp-questions'!A:A, 0))) -> P | G29: =IFERROR(INDEX(INDIRECT("Ans" & E29 & "TBL"), MATCH(F29, INDEX(INDIRECT("Ans" & E29 & "TBL"), 0, 1), 0), 2), 0) -> 0
D30: =INDEX('imp-questions'!G:G, MATCH(A29, 'imp-questions'!A:A, 0)) -> You review KPIs at least yearly for their efficiency and effectiveness KPIs and application security metrics trigger most of the changes to the application security strategy
B31: Policy & Compliance | F31: Answer | I31: Interview Notes | J31: Rating
A32: G-PC-A-1-1 | B32: =INDEX('imp-questions'!D:D, MATCH(A32, 'imp-questions'!A:A, 0)) -> Policy and Standards | C32: =INDEX('imp-questions'!E:E, MATCH(A32, 'imp-questions'!A:A, 0)) -> 1 | D32: =INDEX('imp-questions'!F:F, MATCH(A32, 'imp-questions'!A:A, 0)) -> Do you have and apply a common set of policies and standards throughout your organization? | E32: =CHAR(65+INDEX('imp-questions'!H:H, MATCH(A32, 'imp-questions'!A:A, 0))) -> A | G32: =IFERROR(INDEX(INDIRECT("Ans" & E32 & "TBL"), MATCH(F32, INDEX(INDIRECT("Ans" & E32 & "TBL"), 0, 1), 0), 2), 0) -> 0 | H32: =IFERROR(AVERAGE(G32,G39),0) -> 0 | J32: =SUM(H32,H34,H36) -> 0
D33: =INDEX('imp-questions'!G:G, MATCH(A32, 'imp-questions'!A:A, 0)) -> You have adapted existing standards appropriate for the organization’s industry to account for domain-specific considerations Your standards are aligned with your policies and incorporate technology-specific implementation guidance
A34: G-PC-A-2-1 | C34: =INDEX('imp-questions'!E:E, MATCH(A34, 'imp-questions'!A:A, 0)) -> 2 | D34: =INDEX('imp-questions'!F:F, MATCH(A34, 'imp-questions'!A:A, 0)) -> Do you publish the organization's policies as test scripts or run-books for easy interpretation by development teams? | E34: =CHAR(65+INDEX('imp-questions'!H:H, MATCH(A34, 'imp-questions'!A:A, 0))) -> C | G34: =IFERROR(INDEX(INDIRECT("Ans" & E34 & "TBL"), MATCH(F34, INDEX(INDIRECT("Ans" & E34 & "TBL"), 0, 1), 0), 2), 0) -> 0 | H34: =IFERROR(AVERAGE(G34,G41),0) -> 0
D35: =INDEX('imp-questions'!G:G, MATCH(A34, 'imp-questions'!A:A, 0)) -> You create verification checklists and test scripts where applicable, aligned with the policy's requirements and the implementation guidance in the associated standards You create versions adapted to each development methodology and technology the organization uses
A36: G-PC-A-3-1 | C36: =INDEX('imp-questions'!E:E, MATCH(A36, 'imp-questions'!A:A, 0)) -> 3 | D36: =INDEX('imp-questions'!F:F, MATCH(A36, 'imp-questions'!A:A, 0)) -> Do you regularly report on policy and standard compliance, and use that information to guide compliance improvement efforts? | E36: =CHAR(65+INDEX('imp-questions'!H:H, MATCH(A36, 'imp-questions'!A:A, 0))) -> T | G36: =IFERROR(INDEX(INDIRECT("Ans" & E36 & "TBL"), MATCH(F36, INDEX(INDIRECT("Ans" & E36 & "TBL"), 0, 1), 0), 2), 0) -> 0 | H36: =IFERROR(AVERAGE(G36,G43),0) -> 0
D37: =INDEX('imp-questions'!G:G, MATCH(A36, 'imp-questions'!A:A, 0)) -> You have procedures (automated, if possible) to regularly generate compliance reports You deliver compliance reports to all relevant stakeholders Stakeholders use the reported compliance status information to identify areas for improvement
A39: G-PC-B-1-1 | B39: =INDEX('imp-questions'!D:D, MATCH(A39, 'imp-questions'!A:A, 0)) -> Compliance Management | C39: =INDEX('imp-questions'!E:E, MATCH(A39, 'imp-questions'!A:A, 0)) -> 1 | D39: =INDEX('imp-questions'!F:F, MATCH(A39, 'imp-questions'!A:A, 0)) -> Do you have a complete picture of your external compliance obligations? | E39: =CHAR(65+INDEX('imp-questions'!H:H, MATCH(A39, 'imp-questions'!A:A, 0))) -> A | G39: =IFERROR(INDEX(INDIRECT("Ans" & E39 & "TBL"), MATCH(F39, INDEX(INDIRECT("Ans" & E39 & "TBL"), 0, 1), 0), 2), 0) -> 0
D40: =INDEX('imp-questions'!G:G, MATCH(A39, 'imp-questions'!A:A, 0)) -> You have identified all sources of external compliance obligations You have captured and reconciled compliance obligations from all sources
A41: G-PC-B-2-1 | C41: =INDEX('imp-questions'!E:E, MATCH(A41, 'imp-questions'!A:A, 0)) -> 2 | D41: =INDEX('imp-questions'!F:F, MATCH(A41, 'imp-questions'!A:A, 0)) -> Do you have a standard set of security requirements and verification procedures addressing the organization's external compliance obligations? | E41: =CHAR(65+INDEX('imp-questions'!H:H, MATCH(A41, 'imp-questions'!A:A, 0))) -> U | G41: =IFERROR(INDEX(INDIRECT("Ans" & E41 & "TBL"), MATCH(F41, INDEX(INDIRECT("Ans" & E41 & "TBL"), 0, 1), 0), 2), 0) -> 0
D42: =INDEX('imp-questions'!G:G, MATCH(A41, 'imp-questions'!A:A, 0)) -> You map each external compliance obligation to a well-defined set of application requirements You define verification procedures, including automated tests, to verify compliance with compliance-related requirements
A43: G-PC-B-3-1 | C43: =INDEX('imp-questions'!E:E, MATCH(A43, 'imp-questions'!A:A, 0)) -> 3 | D43: =INDEX('imp-questions'!F:F, MATCH(A43, 'imp-questions'!A:A, 0)) -> Do you regularly report on adherence to external compliance obligations and use that information to guide efforts to close compliance gaps? | E43: =CHAR(65+INDEX('imp-questions'!H:H, MATCH(A43, 'imp-questions'!A:A, 0))) -> T | G43: =IFERROR(INDEX(INDIRECT("Ans" & E43 & "TBL"), MATCH(F43, INDEX(INDIRECT("Ans" & E43 & "TBL"), 0, 1), 0), 2), 0) -> 0
D44: =INDEX('imp-questions'!G:G, MATCH(A43, 'imp-questions'!A:A, 0)) -> You have established, well-defined compliance metrics You measure and report on applications' compliance metrics regularly Stakeholders use the reported compliance status information to identify compliance gaps and prioritize gap remediation efforts
B45: Education & Guidance | F45: Answer | I45: Interview Notes | J45: Rating
A46: G-EG-A-1-1 | B46: =INDEX('imp-questions'!D:D, MATCH(A46, 'imp-questions'!A:A, 0)) -> Training and Awareness | C46: =INDEX('imp-questions'!E:E, MATCH(A46, 'imp-questions'!A:A, 0)) -> 1 | D46: =INDEX('imp-questions'!F:F, MATCH(A46, 'imp-questions'!A:A, 0)) -> Do you require employees involved with application development to take SDLC training? | E46: =CHAR(65+INDEX('imp-questions'!H:H, MATCH(A46, 'imp-questions'!A:A, 0))) -> B | G46: =IFERROR(INDEX(INDIRECT("Ans" & E46 & "TBL"), MATCH(F46, INDEX(INDIRECT("Ans" & E46 & "TBL"), 0, 1), 0), 2), 0) -> 0 | H46: =IFERROR(AVERAGE(G46,G53),0) -> 0 | J46: =SUM(H46,H48,H50) -> 0
D47: =INDEX('imp-questions'!G:G, MATCH(A46, 'imp-questions'!A:A, 0)) -> Training is repeatable, consistent, and available to anyone involved with software development lifecycle Training includes relevant content from the latest OWASP Top 10 and includes concepts such as Least Privilege, Defense-in-Depth, Fail Secure (Safe), Complete Mediation, Session Management, Open Design, and Psychological Acceptability Training requires a sign-off or an acknowledgement from attendees You have reviewed the training content within the last 12 months, and have completed any required updates All new covered staff are required to complete training during their onboarding process Existing covered staff are required to complete training when content is added/revised, or complete refresher training at least every 24 months, whichever comes first
A48: G-EG-A-2-1 | C48: =INDEX('imp-questions'!E:E, MATCH(A48, 'imp-questions'!A:A, 0)) -> 2 | D48: =INDEX('imp-questions'!F:F, MATCH(A48, 'imp-questions'!A:A, 0)) -> Is training customized for individual roles such as developers, testers, or security champions? | E48: =CHAR(65+INDEX('imp-questions'!H:H, MATCH(A48, 'imp-questions'!A:A, 0))) -> D | G48: =IFERROR(INDEX(INDIRECT("Ans" & E48 & "TBL"), MATCH(F48, INDEX(INDIRECT("Ans" & E48 & "TBL"), 0, 1), 0), 2), 0) -> 0 | H48: =IFERROR(AVERAGE(G48,G55),0) -> 0
D49: =INDEX('imp-questions'!G:G, MATCH(A48, 'imp-questions'!A:A, 0)) -> Training includes all topics from maturity level 1, and adds more specific tools, techniques, and demonstrations Training is mandatory for all employees and contractors Training includes input from in-house SMEs and trainees Training includes demonstrations of tools and techniques developed in-house You use feedback to enhance and make future training more relevant
A50: G-EG-A-3-1 | C50: =INDEX('imp-questions'!E:E, MATCH(A50, 'imp-questions'!A:A, 0)) -> 3 | D50: =INDEX('imp-questions'!F:F, MATCH(A50, 'imp-questions'!A:A, 0)) -> Have you implemented a Learning Management System or equivalent to track employee training and certification processes? | E50: =CHAR(65+INDEX('imp-questions'!H:H, MATCH(A50, 'imp-questions'!A:A, 0))) -> D | G50: =IFERROR(INDEX(INDIRECT("Ans" & E50 & "TBL"), MATCH(F50, INDEX(INDIRECT("Ans" & E50 & "TBL"), 0, 1), 0), 2), 0) -> 0 | H50: =IFERROR(AVERAGE(G50,G57),0) -> 0
D51: =INDEX('imp-questions'!G:G, MATCH(A50, 'imp-questions'!A:A, 0)) -> A Learning Management System (LMS) is used to track trainings and certifications Training is based on internal standards, policies, and procedures You use certification programs or attendance records to determine access to development systems and resources
A53: G-EG-B-1-1 | B53: =INDEX('imp-questions'!D:D, MATCH(A53, 'imp-questions'!A:A, 0)) -> Organization and Culture | C53: =INDEX('imp-questions'!E:E, MATCH(A53, 'imp-questions'!A:A, 0)) -> 1 | D53: =INDEX('imp-questions'!F:F, MATCH(A53, 'imp-questions'!A:A, 0)) -> Have you identified a Security Champion for each development team? | E53: =CHAR(65+INDEX('imp-questions'!H:H, MATCH(A53, 'imp-questions'!A:A, 0))) -> V | G53: =IFERROR(INDEX(INDIRECT("Ans" & E53 & "TBL"), MATCH(F53, INDEX(INDIRECT("Ans" & E53 & "TBL"), 0, 1), 0), 2), 0) -> 0
D54: =INDEX('imp-questions'!G:G, MATCH(A53, 'imp-questions'!A:A, 0)) -> Security Champions receive appropriate training Application Security and Development teams receive periodic briefings from Security Champions on the overall status of security initiatives and fixes The Security Champion reviews the results of external testing before adding to the application backlog
A55: G-EG-B-2-1 | C55: =INDEX('imp-questions'!E:E, MATCH(A55, 'imp-questions'!A:A, 0)) -> 2 | D55: =INDEX('imp-questions'!F:F, MATCH(A55, 'imp-questions'!A:A, 0)) -> Does the organization have a Secure Software Center of Excellence (SSCE)? | E55: =CHAR(65+INDEX('imp-questions'!H:H, MATCH(A55, 'imp-questions'!A:A, 0))) -> F | G55: =IFERROR(INDEX(INDIRECT("Ans" & E55 & "TBL"), MATCH(F55, INDEX(INDIRECT("Ans" & E55 & "TBL"), 0, 1), 0), 2), 0) -> 0
D56: =INDEX('imp-questions'!G:G, MATCH(A55, 'imp-questions'!A:A, 0)) -> The SSCE has a charter defining its role in the organization Development teams review all significant architectural changes with the SSCE The SSCE publishes SDLC standards and guidelines related to Application Security Product Champions are responsible for promoting the use of specific security tools
A57: G-EG-B-3-1 | C57: =INDEX('imp-questions'!E:E, MATCH(A57, 'imp-questions'!A:A, 0)) -> 3 | D57: =INDEX('imp-questions'!F:F, MATCH(A57, 'imp-questions'!A:A, 0)) -> Is there a centralized portal where developers and application security professionals from different teams and business units are able to communicate and share information? | E57: =CHAR(65+INDEX('imp-questions'!H:H, MATCH(A57, 'imp-questions'!A:A, 0))) -> F | G57: =IFERROR(INDEX(INDIRECT("Ans" & E57 & "TBL"), MATCH(F57, INDEX(INDIRECT("Ans" & E57 & "TBL"), 0, 1), 0), 2), 0) -> 0
D58: =INDEX('imp-questions'!G:G, MATCH(A57, 'imp-questions'!A:A, 0)) -> The organization promotes use of a single portal across different teams and business units The portal is used for timely information such as notification of security incidents, tool updates, architectural standard changes, and other related announcements The portal is widely recognized by developers and architects as a centralized repository of the organization-specific application security information All content is considered persistent and searchable The portal provides access to application-specific security metrics
B59: Design
B60: Threat Assessment | F60: Answer | I60: Interview Notes | J60: Rating
A61: D-TA-A-1-1 | B61: =INDEX('imp-questions'!D:D, MATCH(A61, 'imp-questions'!A:A, 0)) -> Application Risk Profile | C61: =INDEX('imp-questions'!E:E, MATCH(A61, 'imp-questions'!A:A, 0)) -> 1 | D61: =INDEX('imp-questions'!F:F, MATCH(A61, 'imp-questions'!A:A, 0)) -> Do you classify applications according to business risk based on a simple and predefined set of questions? | E61: =CHAR(65+INDEX('imp-questions'!H:H, MATCH(A61, 'imp-questions'!A:A, 0))) -> B | G61: =IFERROR(INDEX(INDIRECT("Ans" & E61 & "TBL"), MATCH(F61, INDEX(INDIRECT("Ans" & E61 & "TBL"), 0, 1), 0), 2), 0) -> 0 | H61: =IFERROR(AVERAGE(G61,G68),0) -> 0 | J61: =SUM(H61,H63,H65) -> 0
D62: =INDEX('imp-questions'!G:G, MATCH(A61, 'imp-questions'!A:A, 0)) -> An agreed-upon risk classification exists The application team understands the risk classification The risk classification covers critical aspects of business risks the organization is facing The organization has an inventory for the applications in scope
A63: D-TA-A-2-1 | C63: =INDEX('imp-questions'!E:E, MATCH(A63, 'imp-questions'!A:A, 0)) -> 2 | D63: =INDEX('imp-questions'!F:F, MATCH(A63, 'imp-questions'!A:A, 0)) -> Do you use centralized and quantified application risk profiles to evaluate business risk? | E63: =CHAR(65+INDEX('imp-questions'!H:H, MATCH(A63, 'imp-questions'!A:A, 0))) -> A | G63: =IFERROR(INDEX(INDIRECT("Ans" & E63 & "TBL"), MATCH(F63, INDEX(INDIRECT("Ans" & E63 & "TBL"), 0, 1), 0), 2), 0) -> 0 | H63: =IFERROR(AVERAGE(G63,G70),0) -> 0
D64: =INDEX('imp-questions'!G:G, MATCH(A63, 'imp-questions'!A:A, 0)) -> The application risk profile is in line with the organizational risk standard The application risk profile covers impact to security and privacy You validate the quality of the risk profile manually and/or automatically The application risk profiles are stored in a central inventory
A65: D-TA-A-3-1 | C65: =INDEX('imp-questions'!E:E, MATCH(A65, 'imp-questions'!A:A, 0)) -> 3 | D65: =INDEX('imp-questions'!F:F, MATCH(A65, 'imp-questions'!A:A, 0)) -> Do you regularly review and update the risk profiles for your applications? | E65: =CHAR(65+INDEX('imp-questions'!H:H, MATCH(A65, 'imp-questions'!A:A, 0))) -> R | G65: =IFERROR(INDEX(INDIRECT("Ans" & E65 & "TBL"), MATCH(F65, INDEX(INDIRECT("Ans" & E65 & "TBL"), 0, 1), 0), 2), 0) -> 0 | H65: =IFERROR(AVERAGE(G65,G72),0) -> 0
D66: =INDEX('imp-questions'!G:G, MATCH(A65, 'imp-questions'!A:A, 0)) -> The organizational risk standard considers historical feedback to improve the evaluation method Significant changes in the application or business context trigger a review of the relevant risk profiles
A68: D-TA-B-1-1 | B68: =INDEX('imp-questions'!D:D, MATCH(A68, 'imp-questions'!A:A, 0)) -> Threat Modeling | C68: =INDEX('imp-questions'!E:E, MATCH(A68, 'imp-questions'!A:A, 0)) -> 1 | D68: =INDEX('imp-questions'!F:F, MATCH(A68, 'imp-questions'!A:A, 0)) -> Do you identify and manage architectural design flaws with threat modeling? | E68: =CHAR(65+INDEX('imp-questions'!H:H, MATCH(A68, 'imp-questions'!A:A, 0))) -> B | G68: =IFERROR(INDEX(INDIRECT("Ans" & E68 & "TBL"), MATCH(F68, INDEX(INDIRECT("Ans" & E68 & "TBL"), 0, 1), 0), 2), 0) -> 0
D69: =INDEX('imp-questions'!G:G, MATCH(A68, 'imp-questions'!A:A, 0)) -> You perform threat modeling for high-risk applications You use simple threat checklists, such as STRIDE You persist the outcome of a threat model for later use
A70: D-TA-B-2-1 | C70: =INDEX('imp-questions'!E:E, MATCH(A70, 'imp-questions'!A:A, 0)) -> 2 | D70: =INDEX('imp-questions'!F:F, MATCH(A70, 'imp-questions'!A:A, 0)) -> Do you use a standard methodology, aligned with your application risk levels? | E70: =CHAR(65+INDEX('imp-questions'!H:H, MATCH(A70, 'imp-questions'!A:A, 0))) -> A | G70: =IFERROR(INDEX(INDIRECT("Ans" & E70 & "TBL"), MATCH(F70, INDEX(INDIRECT("Ans" & E70 & "TBL"), 0, 1), 0), 2), 0) -> 0
D71: =INDEX('imp-questions'!G:G, MATCH(A70, 'imp-questions'!A:A, 0)) -> You train your architects, security champions, and other stakeholders on how to do practical threat modeling Your threat modeling methodology includes at least diagramming, threat identification, design flaw mitigations, and how to validate your threat model artifacts Changes in the application or business context trigger a review of the relevant threat models You capture the threat modeling artifacts with tools used by your application teams
A72: D-TA-B-3-1 | C72: =INDEX('imp-questions'!E:E, MATCH(A72, 'imp-questions'!A:A, 0)) -> 3 | D72: =INDEX('imp-questions'!F:F, MATCH(A72, 'imp-questions'!A:A, 0)) -> Do you regularly review and update the threat modeling methodology for your applications? | E72: =CHAR(65+INDEX('imp-questions'!H:H, MATCH(A72, 'imp-questions'!A:A, 0))) -> P | G72: =IFERROR(INDEX(INDIRECT("Ans" & E72 & "TBL"), MATCH(F72, INDEX(INDIRECT("Ans" & E72 & "TBL"), 0, 1), 0), 2), 0) -> 0
D73: =INDEX('imp-questions'!G:G, MATCH(A72, 'imp-questions'!A:A, 0)) -> The threat model methodology considers historical feedback for improvement You regularly (e.g., yearly) review the existing threat models to verify that no new threats are relevant for your applications You automate parts of your threat modeling process with threat modeling tools
B74: Security Requirements | F74: Answer | I74: Interview Notes | J74: Rating
A75: D-SR-A-1-1 | B75: =INDEX('imp-questions'!D:D, MATCH(A75, 'imp-questions'!A:A, 0)) -> Software Requirements | C75: =INDEX('imp-questions'!E:E, MATCH(A75, 'imp-questions'!A:A, 0)) -> 1 | D75: =INDEX('imp-questions'!F:F, MATCH(A75, 'imp-questions'!A:A, 0)) -> Do project teams specify security requirements during development? | E75: =CHAR(65+INDEX('imp-questions'!H:H, MATCH(A75, 'imp-questions'!A:A, 0))) -> A | G75: =IFERROR(INDEX(INDIRECT("Ans" & E75 & "TBL"), MATCH(F75, INDEX(INDIRECT("Ans" & E75 & "TBL"), 0, 1), 0), 2), 0) -> 0 | H75: =IFERROR(AVERAGE(G75,G82),0) -> 0 | J75: =SUM(H75,H77,H79) -> 0
D76: =INDEX('imp-questions'!G:G, MATCH(A75, 'imp-questions'!A:A, 0)) -> Teams derive security requirements from functional requirements and customer or organization concerns Security requirements are specific, measurable, and reasonable Security requirements are in line with the organizational baseline
A77: D-SR-A-2-1 | C77: =INDEX('imp-questions'!E:E, MATCH(A77, 'imp-questions'!A:A, 0)) -> 2 | D77: =INDEX('imp-questions'!F:F, MATCH(A77, 'imp-questions'!A:A, 0)) -> Do you define, structure, and include prioritization in the artifacts of the security requirements gathering process? | E77: =CHAR(65+INDEX('imp-questions'!H:H, MATCH(A77, 'imp-questions'!A:A, 0))) -> E | G77: =IFERROR(INDEX(INDIRECT("Ans" & E77 & "TBL"), MATCH(F77, INDEX(INDIRECT("Ans" & E77 & "TBL"), 0, 1), 0), 2), 0) -> 0 | H77: =IFERROR(AVERAGE(G77,G84),0) -> 0
D78: =INDEX('imp-questions'!G:G, MATCH(A77, 'imp-questions'!A:A, 0)) -> Security requirements take into consideration domain specific knowledge when applying policies and guidance to product development Domain experts are involved in the requirements definition process You have an agreed upon structured notation for security requirements Development teams have a security champion dedicated to reviewing security requirements and outcomes
A79: D-SR-A-3-1 | C79: =INDEX('imp-questions'!E:E, MATCH(A79, 'imp-questions'!A:A, 0)) -> 3 | D79: =INDEX('imp-questions'!F:F, MATCH(A79, 'imp-questions'!A:A, 0)) -> Do you use a standard requirements framework to streamline the elicitation of security requirements? | E79: =CHAR(65+INDEX('imp-questions'!H:H, MATCH(A79, 'imp-questions'!A:A, 0))) -> A | G79: =IFERROR(INDEX(INDIRECT("Ans" & E79 & "TBL"), MATCH(F79, INDEX(INDIRECT("Ans" & E79 & "TBL"), 0, 1), 0), 2), 0) -> 0 | H79: =IFERROR(AVERAGE(G79,G86),0) -> 0
D80: =INDEX('imp-questions'!G:G, MATCH(A79, 'imp-questions'!A:A, 0)) -> A security requirements framework is available for project teams The framework is categorized by common requirements and standards-based requirements The framework gives clear guidance on the quality of requirements and how to describe them The framework is adaptable to specific business requirements
A82: D-SR-B-1-1 | B82: =INDEX('imp-questions'!D:D, MATCH(A82, 'imp-questions'!A:A, 0)) -> Supplier Security | C82: =INDEX('imp-questions'!E:E, MATCH(A82, 'imp-questions'!A:A, 0)) -> 1 | D82: =INDEX('imp-questions'!F:F, MATCH(A82, 'imp-questions'!A:A, 0)) -> Do stakeholders review vendor collaborations for security requirements and methodology? | E82: =CHAR(65+INDEX('imp-questions'!H:H, MATCH(A82, 'imp-questions'!A:A, 0))) -> E | G82: =IFERROR(INDEX(INDIRECT("Ans" & E82 & "TBL"), MATCH(F82, INDEX(INDIRECT("Ans" & E82 & "TBL"), 0, 1), 0), 2), 0) -> 0
D83: =INDEX('imp-questions'!G:G, MATCH(A82, 'imp-questions'!A:A, 0)) -> You consider including specific security requirements, activities, and processes when creating third-party agreements A vendor questionnaire is available and used to assess the strengths and weaknesses of your suppliers
A84: D-SR-B-2-1 | C84: =INDEX('imp-questions'!E:E, MATCH(A84, 'imp-questions'!A:A, 0)) -> 2 | D84: =INDEX('imp-questions'!F:F, MATCH(A84, 'imp-questions'!A:A, 0)) -> Do vendors meet the security responsibilities and quality measures of service level agreements defined by the organization? | E84: =CHAR(65+INDEX('imp-questions'!H:H, MATCH(A84, 'imp-questions'!A:A, 0))) -> E | G84: =IFERROR(INDEX(INDIRECT("Ans" & E84 & "TBL"), MATCH(F84, INDEX(INDIRECT("Ans" & E84 & "TBL"), 0, 1), 0), 2), 0) -> 0
D85: =INDEX('imp-questions'!G:G, MATCH(A84, 'imp-questions'!A:A, 0)) -> You discuss security requirements with the vendor when creating vendor agreements Vendor agreements provide specific guidance on security defect remediation within an agreed upon timeframe The organization has a templated agreement of responsibilities and service levels for key vendor security processes You measure key performance indicators
A86: D-SR-B-3-1 | C86: =INDEX('imp-questions'!E:E, MATCH(A86, 'imp-questions'!A:A, 0)) -> 3 | D86: =INDEX('imp-questions'!F:F, MATCH(A86, 'imp-questions'!A:A, 0)) -> Are vendors aligned with standard security controls and software development tools and processes that the organization utilizes? | E86: =CHAR(65+INDEX('imp-questions'!H:H, MATCH(A86, 'imp-questions'!A:A, 0))) -> E | G86: =IFERROR(INDEX(INDIRECT("Ans" & E86 & "TBL"), MATCH(F86, INDEX(INDIRECT("Ans" & E86 & "TBL"), 0, 1), 0), 2), 0) -> 0
D87: =INDEX('imp-questions'!G:G, MATCH(A86, 'imp-questions'!A:A, 0)) -> The vendor has a secure SDLC that includes secure build, secure deployment, defect management, and incident management, meets the security expectations of your organization, and is able to demonstrate operating effectiveness of practices. You verify the solution meets quality and security objectives before every major release When standard verification processes are not available, you use compensating controls such as software composition analysis and independent penetration testing
B88: Secure Architecture | F88: Answer | I88: Interview Notes | J88: Rating
A89: D-SA-A-1-1 | B89: =INDEX('imp-questions'!D:D, MATCH(A89, 'imp-questions'!A:A, 0)) -> Architecture Design | C89: =INDEX('imp-questions'!E:E, MATCH(A89, 'imp-questions'!A:A, 0)) -> 1 | D89: =INDEX('imp-questions'!F:F, MATCH(A89, 'imp-questions'!A:A, 0)) -> Do teams use security principles during design? | E89: =CHAR(65+INDEX('imp-questions'!H:H, MATCH(A89, 'imp-questions'!A:A, 0))) -> A | G89: =IFERROR(INDEX(INDIRECT("Ans" & E89 & "TBL"), MATCH(F89, INDEX(INDIRECT("Ans" & E89 & "TBL"), 0, 1), 0), 2), 0) -> 0 | H89: =IFERROR(AVERAGE(G89,G96),0) -> 0 | J89: =SUM(H89,H91,H93) -> 0
D90: =INDEX('imp-questions'!G:G, MATCH(A89, 'imp-questions'!A:A, 0)) -> You have an agreed upon checklist of security principles You store your checklist in an accessible location Relevant stakeholders understand security principles
A91: D-SA-A-2-1 | C91: =INDEX('imp-questions'!E:E, MATCH(A91, 'imp-questions'!A:A, 0)) -> 2 | D91: =INDEX('imp-questions'!F:F, MATCH(A91, 'imp-questions'!A:A, 0)) -> Do you use shared security services during design? | E91: =CHAR(65+INDEX('imp-questions'!H:H, MATCH(A91, 'imp-questions'!A:A, 0))) -> A | G91: =IFERROR(INDEX(INDIRECT("Ans" & E91 & "TBL"), MATCH(F91, INDEX(INDIRECT("Ans" & E91 & "TBL"), 0, 1), 0), 2), 0) -> 0 | H91: =IFERROR(AVERAGE(G91,G98),0) -> 0
D92: =INDEX('imp-questions'!G:G, MATCH(A91, 'imp-questions'!A:A, 0)) -> You have a documented list of reusable security services, available to relevant stakeholders You have reviewed the baseline security posture for each selected service Your designers are trained to integrate each selected service following available guidance
A93: D-SA-A-3-1 | C93: =INDEX('imp-questions'!E:E, MATCH(A93, 'imp-questions'!A:A, 0)) -> 3 | D93: =INDEX('imp-questions'!F:F, MATCH(A93, 'imp-questions'!A:A, 0)) -> Do you base your design on available reference architectures? | E93: =CHAR(65+INDEX('imp-questions'!H:H, MATCH(A93, 'imp-questions'!A:A, 0))) -> A | G93: =IFERROR(INDEX(INDIRECT("Ans" & E93 & "TBL"), MATCH(F93, INDEX(INDIRECT("Ans" & E93 & "TBL"), 0, 1), 0), 2), 0) -> 0 | H93: =IFERROR(AVERAGE(G93,G100),0) -> 0
D94: =INDEX('imp-questions'!G:G, MATCH(A93, 'imp-questions'!A:A, 0)) -> You have one or more approved reference architectures documented and available to stakeholders You improve the reference architectures continuously based on insights and best practices You provide a set of components, libraries, and tools to implement each reference architecture
A96: D-SA-B-1-1 | B96: =INDEX('imp-questions'!D:D, MATCH(A96, 'imp-questions'!A:A, 0)) -> Technology Management | C96: =INDEX('imp-questions'!E:E, MATCH(A96, 'imp-questions'!A:A, 0)) -> 1 | D96: =INDEX('imp-questions'!F:F, MATCH(A96, 'imp-questions'!A:A, 0)) -> Do you evaluate the security quality of important technologies used for development? | E96: =CHAR(65+INDEX('imp-questions'!H:H, MATCH(A96, 'imp-questions'!A:A, 0))) -> A | G96: =IFERROR(INDEX(INDIRECT("Ans" & E96 & "TBL"), MATCH(F96, INDEX(INDIRECT("Ans" & E96 & "TBL"), 0, 1), 0), 2), 0) -> 0
D97: =INDEX('imp-questions'!G:G, MATCH(A96, 'imp-questions'!A:A, 0)) -> You have a list of the most important technologies used in, or in support of, each application You identify and track technological risks You ensure the risks to these technologies are in line with the organizational baseline
A98: D-SA-B-2-1 | C98: =INDEX('imp-questions'!E:E, MATCH(A98, 'imp-questions'!A:A, 0)) -> 2 | D98: =INDEX('imp-questions'!F:F, MATCH(A98, 'imp-questions'!A:A, 0)) -> Do you have a list of recommended technologies for the organization? | E98: =CHAR(65+INDEX('imp-questions'!H:H, MATCH(A98, 'imp-questions'!A:A, 0))) -> M | G98: =IFERROR(INDEX(INDIRECT("Ans" & E98 & "TBL"), MATCH(F98, INDEX(INDIRECT("Ans" & E98 & "TBL"), 0, 1), 0), 2), 0) -> 0
D99: =INDEX('imp-questions'!G:G, MATCH(A98, 'imp-questions'!A:A, 0)) -> The list is based on technologies used in the software portfolio Lead architects and developers review and approve the list You share the list across the organization You review and update the list at least yearly
A100: D-SA-B-3-1 | C100: =INDEX('imp-questions'!E:E, MATCH(A100, 'imp-questions'!A:A, 0)) -> 3 | D100: =INDEX('imp-questions'!F:F, MATCH(A100, 'imp-questions'!A:A, 0)) -> Do you enforce the use of recommended technologies within the organization? | E100: =CHAR(65+INDEX('imp-questions'!H:H, MATCH(A100, 'imp-questions'!A:A, 0))) -> A | G100: =IFERROR(INDEX(INDIRECT("Ans" & E100 & "TBL"), MATCH(F100, INDEX(INDIRECT("Ans" & E100 & "TBL"), 0, 1), 0), 2), 0) -> 0
D101: =INDEX('imp-questions'!G:G, MATCH(A100, 'imp-questions'!A:A, 0)) -> You monitor applications regularly for the correct use of the recommended technologies You solve violations against the list accoranding to organizational policies You take action if the number of violations falls outside the yearly objectives
B102: Implementation
B103: Secure Build | F103: Answer | I103: Interview Notes | J103: Rating
A104: I-SB-A-1-1 | B104: =INDEX('imp-questions'!D:D, MATCH(A104, 'imp-questions'!A:A, 0)) -> Build Process | C104: =INDEX('imp-questions'!E:E, MATCH(A104, 'imp-questions'!A:A, 0)) -> 1 | D104: =INDEX('imp-questions'!F:F, MATCH(A104, 'imp-questions'!A:A, 0)) -> Is your full build process formally described? | E104: =CHAR(65+INDEX('imp-questions'!H:H, MATCH(A104, 'imp-questions'!A:A, 0))) -> A | G104: =IFERROR(INDEX(INDIRECT("Ans" & E104 & "TBL"), MATCH(F104, INDEX(INDIRECT("Ans" & E104 & "TBL"), 0, 1), 0), 2), 0) -> 0 | H104: =IFERROR(AVERAGE(G104,G111),0) -> 0 | J104: =SUM(H104,H106,H108) -> 0
D105: =INDEX('imp-questions'!G:G, MATCH(A104, 'imp-questions'!A:A, 0)) -> You have enough information to recreate the build processes Your build documentation up to date Your build documentation is stored in an accessible location Produced artifact checksums are created during build to support later verification You harden the tools that are used within the build process
A106: I-SB-A-2-1 | C106: =INDEX('imp-questions'!E:E, MATCH(A106, 'imp-questions'!A:A, 0)) -> 2 | D106: =INDEX('imp-questions'!F:F, MATCH(A106, 'imp-questions'!A:A, 0)) -> Is the build process fully automated? | E106: =CHAR(65+INDEX('imp-questions'!H:H, MATCH(A106, 'imp-questions'!A:A, 0))) -> A | G106: =IFERROR(INDEX(INDIRECT("Ans" & E106 & "TBL"), MATCH(F106, INDEX(INDIRECT("Ans" & E106 & "TBL"), 0, 1), 0), 2), 0) -> 0 | H106: =IFERROR(AVERAGE(G106,G113),0) -> 0
D107: =INDEX('imp-questions'!G:G, MATCH(A106, 'imp-questions'!A:A, 0)) -> The build process itself doesn't require any human interaction Your build tools are hardened as per best practice and vendor guidance You encrypt the secrets required by the build tools and control access based on the principle of least privilege
A108: I-SB-A-3-1 | C108: =INDEX('imp-questions'!E:E, MATCH(A108, 'imp-questions'!A:A, 0)) -> 3 | D108: =INDEX('imp-questions'!F:F, MATCH(A108, 'imp-questions'!A:A, 0)) -> Do you enforce automated security checks in your build processes? | E108: =CHAR(65+INDEX('imp-questions'!H:H, MATCH(A108, 'imp-questions'!A:A, 0))) -> A | G108: =IFERROR(INDEX(INDIRECT("Ans" & E108 & "TBL"), MATCH(F108, INDEX(INDIRECT("Ans" & E108 & "TBL"), 0, 1), 0), 2), 0) -> 0 | H108: =IFERROR(AVERAGE(G108,G115),0) -> 0
D109: =INDEX('imp-questions'!G:G, MATCH(A108, 'imp-questions'!A:A, 0)) -> Builds fail if the application doesn't meet a predefined security baseline You have a maximum accepted severity for vulnerabilities You log warnings and failures in a centralized system You select and configure tools to evaluate each application against its security requirements at least once a year
...

Sheet Scorecard
A1: =CONCATENATE("SAMM Assessment Scorecard: ",C6," For ",C5) -> SAMM Assessment Scorecard: For
A3: Notes: Data in this worksheet is automatically imported from the Interview and Roadmap worksheets and will automatically update when changed in the respective worksheets. This is mostly a read-only worksheet, changes should be made in Interview or Roadmap worksheets.
A5: =Interview!B10 -> Organization: | C5: =IF(ISBLANK(Interview!D10),"",Interview!D10)
A6: =Interview!B11 -> Team/Application: | C6: =IF(ISBLANK(Interview!D11),"",Interview!D11)
A7: =Interview!B12 -> Interview Date: | C7: =IF(ISBLANK(Interview!D12),"",Interview!D12)
A8: =Interview!B13 -> Team Lead: | C8: =IF(ISBLANK(Interview!D13),"",Interview!D13)
A9: =Interview!B14 -> Contributors: | C9: =IF(ISBLANK(Interview!D14),"",Interview!D14)
A11: Current Maturity Score | L11: Current Maturity Score | T11: Current Maturity Score
D12: Maturity
A13: Business Functions | B13: Security Practices | C13: Score | D13: 1 | E13: 2 | F13: 3 | G13: Translated Value | I13: Business Functions | J13: Score | V13: =T14 -> Governance | W13: =T17 -> Design | X13: =T20 -> Implementation | Y13: =T23 -> Verification | Z13: =T26 -> Operations
A14: =Interview!$B$16 -> Governance | B14: =Interview!$D$17 -> Strategy & Metrics | C14: =Interview!$J$18 -> 0 | D14: =Interview!H18 -> 0 | E14: =Interview!H20 -> 0 | F14: =Interview!H22 -> 0 | G14: =(((((IF((C14="0+"),0.5,0)+IF((C14=1),1,0))+IF((C14="1+"),1.5,0))+IF((C14=2),2,0))+IF((C14="2+"),2.5,0))+IF((C14=3),3,0))+IF((C14="3+"),3.5,0) -> 0 | I14: =A14 -> Governance | J14: =AVERAGE(C14:C16) -> 0 | T14: =A14 -> Governance | U14: =B14 -> Strategy & Metrics | V14: =C14 -> 0 | W14: 0 | X14: 0 | Y14: 0 | Z14: 0
A15: =Interview!$B$16 -> Governance | B15: =Interview!$B$31 -> Policy & Compliance | C15: =Interview!$J$32 -> 0 | D15: =Interview!H32 -> 0 | E15: =Interview!H34 -> 0 | F15: =Interview!H36 -> 0 | G15: =(((((IF((C15="0+"),0.5,0)+IF((C15=1),1,0))+IF((C15="1+"),1.5,0))+IF((C15=2),2,0))+IF((C15="2+"),2.5,0))+IF((C15=3),3,0))+IF((C15="3+"),3.5,0) -> 0 | I15: =A17 -> Design | J15: =AVERAGE(C17:C19) -> 0 | T15: =A15 -> Governance | U15: =B15 -> Policy & Compliance | V15: =C15 -> 0 | W15: 0 | X15: 0 | Y15: 0 | Z15: 0
A16: =Interview!$B$16 -> Governance | B16: =Interview!$B$45 -> Education & Guidance | C16: =Interview!$J$46 -> 0 | D16: =Interview!H46 -> 0 | E16: =Interview!H48 -> 0 | F16: =Interview!H50 -> 0 | G16: =(((((IF((C16="0+"),0.5,0)+IF((C16=1),1,0))+IF((C16="1+"),1.5,0))+IF((C16=2),2,0))+IF((C16="2+"),2.5,0))+IF((C16=3),3,0))+IF((C16="3+"),3.5,0) -> 0 | I16: =A20 -> Implementation | J16: =AVERAGE(C20:C22) -> 0 | T16: =A16 -> Governance | U16: =B16 -> Education & Guidance | V16: =C16 -> 0 | W16: 0 | X16: 0 | Y16: 0 | Z16: 0
A17: =Interview!$B$59 -> Design | B17: =Interview!$B$60 -> Threat Assessment | C17: =Interview!$J$61 -> 0 | D17: =Interview!H61 -> 0 | E17: =Interview!H63 -> 0 | F17: =Interview!H65 -> 0 | G17: =(((((IF((C17="0+"),0.5,0)+IF((C17=1),1,0))+IF((C17="1+"),1.5,0))+IF((C17=2),2,0))+IF((C17="2+"),2.5,0))+IF((C17=3),3,0))+IF((C17="3+"),3.5,0) -> 0 | I17: =A23 -> Verification | J17: =AVERAGE(C23:C25) -> 0 | T17: =A17 -> Design | U17: =B17 -> Threat Assessment | V17: 0 | W17: =C17 -> 0 | X17: 0 | Y17: 0 | Z17: 0
A18: =Interview!$B$59 -> Design | B18: =Interview!$B$74 -> Security Requirements | C18: =Interview!$J$75 -> 0 | D18: =Interview!H75 -> 0 | E18: =Interview!H77 -> 0 | F18: =Interview!H79 -> 0 | G18: =(((((IF((C18="0+"),0.5,0)+IF((C18=1),1,0))+IF((C18="1+"),1.5,0))+IF((C18=2),2,0))+IF((C18="2+"),2.5,0))+IF((C18=3),3,0))+IF((C18="3+"),3.5,0) -> 0 | I18: =A26 -> Operations | J18: =AVERAGE(C26:C28) -> 0 | T18: =A18 -> Design | U18: =B18 -> Security Requirements | V18: 0 | W18: =C18 -> 0 | X18: 0 | Y18: 0 | Z18: 0
A19: =Interview!$B$59 -> Design | B19: =Interview!$B$88 -> Secure Architecture | C19: =Interview!$J$89 -> 0 | D19: =Interview!H89 -> 0 | E19: =Interview!H91 -> 0 | F19: =Interview!H93 -> 0 | G19: =(((((IF((C19="0+"),0.5,0)+IF((C19=1),1,0))+IF((C19="1+"),1.5,0))+IF((C19=2),2,0))+IF((C19="2+"),2.5,0))+IF((C19=3),3,0))+IF((C19="3+"),3.5,0) -> 0 | I19: Overall | J19: =AVERAGE(J14:J18) -> 0 | T19: =A19 -> Design | U19: =B19 -> Secure Architecture | V19: 0 | W19: =C19 -> 0 | X19: 0 | Y19: 0 | Z19: 0
A20: =Interview!$B$102 -> Implementation | B20: =Interview!$B$103 -> Secure Build | C20: =Interview!$J$104 -> 0 | D20: =Interview!H104 -> 0 | E20: =Interview!H106 -> 0 | F20: =Interview!H108 -> 0 | G20: =(((((IF((C20="0+"),0.5,0)+IF((C20=1),1,0))+IF((C20="1+"),1.5,0))+IF((C20=2),2,0))+IF((C20="2+"),2.5,0))+IF((C20=3),3,0))+IF((C20="3+"),3.5,0) -> 0 | T20: =A20 -> Implementation | U20: =B20 -> Secure Build | V20: 0 | W20: 0 | X20: =C20 -> 0 | Y20: 0 | Z20: 0
A21: =Interview!$B$102 -> Implementation | B21: =Interview!$B$117 -> Secure Deployment | C21: =Interview!$J$118 -> 0 | D21: =Interview!H118 -> 0 | E21: =Interview!H120 -> 0 | F21: =Interview!H122 -> 0 | G21: =(((((IF((C21="0+"),0.5,0)+IF((C21=1),1,0))+IF((C21="1+"),1.5,0))+IF((C21=2),2,0))+IF((C21="2+"),2.5,0))+IF((C21=3),3,0))+IF((C21="3+"),3.5,0) -> 0 | T21: =A21 -> Implementation | U21: =B21 -> Secure Deployment | V21: 0 | W21: 0 | X21: =C21 -> 0 | Y21: 0 | Z21: 0
A22: =Interview!$B$102 -> Implementation | B22: =Interview!$B$131 -> Defect Management | C22: =Interview!$J$132 -> 0 | D22: =Interview!H132 -> 0 | E22: =Interview!H134 -> 0 | F22: =Interview!H136 -> 0 | G22: =(((((IF((C22="0+"),0.5,0)+IF((C22=1),1,0))+IF((C22="1+"),1.5,0))+IF((C22=2),2,0))+IF((C22="2+"),2.5,0))+IF((C22=3),3,0))+IF((C22="3+"),3.5,0) -> 0 | T22: =A22 -> Implementation | U22: =B22 -> Defect Management | V22: 0 | W22: 0 | X22: =C22 -> 0 | Y22: 0 | Z22: 0
A23: =Interview!$B$145 -> Verification | B23: =Interview!$B$146 -> Architecture Assessment | C23: =Interview!$J$147 -> 0 | D23: =Interview!H147 -> 0 | E23: =Interview!H149 -> 0 | F23: =Interview!H151 -> 0 | G23: =(((((IF((C23="0+"),0.5,0)+IF((C23=1),1,0))+IF((C23="1+"),1.5,0))+IF((C23=2),2,0))+IF((C23="2+"),2.5,0))+IF((C23=3),3,0))+IF((C23="3+"),3.5,0) -> 0 | T23: =A23 -> Verification | U23: =B23 -> Architecture Assessment | V23: 0 | W23: 0 | X23: 0 | Y23: =C23 -> 0 | Z23: 0
A24: =Interview!$B$145 -> Verification | B24: =Interview!$B$160 -> Requirements Testing | C24: =Interview!$J$161 -> 0 | D24: =Interview!H161 -> 0 | E24: =Interview!H163 -> 0 | F24: =Interview!H165 -> 0 | G24: =(((((IF((C24="0+"),0.5,0)+IF((C24=1),1,0))+IF((C24="1+"),1.5,0))+IF((C24=2),2,0))+IF((C24="2+"),2.5,0))+IF((C24=3),3,0))+IF((C24="3+"),3.5,0) -> 0 | T24: =A24 -> Verification | U24: =B24 -> Requirements Testing | V24: 0 | W24: 0 | X24: 0 | Y24: =C24 -> 0 | Z24: 0
A25: =Interview!$B$145 -> Verification | B25: =Interview!$B$174 -> Security Testing | C25: =Interview!$J$175 -> 0 | D25: =Interview!H175 -> 0 | E25: =Interview!H177 -> 0 | F25: =Interview!H179 -> 0 | G25: =(((((IF((C25="0+"),0.5,0)+IF((C25=1),1,0))+IF((C25="1+"),1.5,0))+IF((C25=2),2,0))+IF((C25="2+"),2.5,0))+IF((C25=3),3,0))+IF((C25="3+"),3.5,0) -> 0 | T25: =A25 -> Verification | U25: =B25 -> Security Testing | V25: 0 | W25: 0 | X25: 0 | Y25: =C25 -> 0 | Z25: 0
A26: =Interview!$B$188 -> Operations | B26: =Interview!$B$189 -> Incident Management | C26: =Interview!$J$190 -> 0 | D26: =Interview!H190 -> 0 | E26: =Interview!H192 -> 0 | F26: =Interview!H194 -> 0 | G26: =(((((IF((C26="0+"),0.5,0)+IF((C26=1),1,0))+IF((C26="1+"),1.5,0))+IF((C26=2),2,0))+IF((C26="2+"),2.5,0))+IF((C26=3),3,0))+IF((C26="3+"),3.5,0) -> 0 | T26: =A26 -> Operations | U26: =B26 -> Incident Management | V26: 0 | W26: 0 | X26: 0 | Y26: 0 | Z26: =C26 -> 0
A27: =Interview!$B$188 -> Operations | B27: =Interview!$B$203 -> Environment Management | C27: =Interview!$J$204 -> 0 | D27: =Interview!H204 -> 0 | E27: =Interview!H206 -> 0 | F27: =Interview!H208 -> 0 | G27: =(((((IF((C27="0+"),0.5,0)+IF((C27=1),1,0))+IF((C27="1+"),1.5,0))+IF((C27=2),2,0))+IF((C27="2+"),2.5,0))+IF((C27=3),3,0))+IF((C27="3+"),3.5,0) -> 0 | T27: =A27 -> Operations | U27: =B27 -> Environment Management | V27: 0 | W27: 0 | X27: 0 | Y27: 0 | Z27: =C27 -> 0
A28: =Interview!$B$188 -> Operations | B28: =Interview!$B$217 -> Operational Management | C28: =Interview!$J$218 -> 0 | D28: =Interview!H218 -> 0 | E28: =Interview!H220 -> 0 | F28: =Interview!H222 -> 0 | G28: =(((((IF((C28="0+"),0.5,0)+IF((C28=1),1,0))+IF((C28="1+"),1.5,0))+IF((C28=2),2,0))+IF((C28="2+"),2.5,0))+IF((C28=3),3,0))+IF((C28="3+"),3.5,0) -> 0 | T28: =A28 -> Operations | U28: =B28 -> Operational Management | V28: 0 | W28: 0 | X28: 0 | Y28: 0 | Z28: =C28 -> 0
A31: Phase 1 Maturity Score | L31: Phase 1 Maturity Score | T31: Phase 1 Maturity Score
D32: Maturity
A33: Business Functions | B33: Security Practices | C33: Score | D33: 1 | E33: 2 | F33: 3 | G33: Translated Value | I33: Business Functions | J33: Score | V33: =T34 -> Governance | W33: =T37 -> Design | X33: =T40 -> Implementation | Y33: =T43 -> Verification | Z33: =T46 -> Operations
A34: =Interview!$B$16 -> Governance | B34: =Interview!$D$17 -> Strategy & Metrics | C34: =Roadmap!M18 -> 0 | D34: =Roadmap!L18 -> 0 | E34: =Roadmap!L19 -> 0 | F34: =Roadmap!L20 -> 0 | G34: =(((((IF((C34="0+"),0.5,0)+IF((C34=1),1,0))+IF((C34="1+"),1.5,0))+IF((C34=2),2,0))+IF((C34="2+"),2.5,0))+IF((C34=3),3,0))+IF((C34="3+"),3.5,0) -> 0 | I34: =A34 -> Governance | J34: =AVERAGE(C34:C36) -> 0 | T34: =Interview!$B$16 -> Governance | U34: =Interview!$D$17 -> Strategy & Metrics | V34: =C34 -> 0 | W34: 0 | X34: 0 | Y34: 0 | Z34: 0
A35: =Interview!$B$16 -> Governance | B35: =Interview!$B$31 -> Policy & Compliance | C35: =Roadmap!M27 -> 0 | D35: =Roadmap!L27 -> 0 | E35: =Roadmap!L28 -> 0 | F35: =Roadmap!L29 -> 0 | G35: =(((((IF((C35="0+"),0.5,0)+IF((C35=1),1,0))+IF((C35="1+"),1.5,0))+IF((C35=2),2,0))+IF((C35="2+"),2.5,0))+IF((C35=3),3,0))+IF((C35="3+"),3.5,0) -> 0 | I35: =A37 -> Design | J35: =AVERAGE(C37:C39) -> 0 | T35: =Interview!$B$16 -> Governance | U35: =Interview!$B$31 -> Policy & Compliance | V35: =C35 -> 0 | W35: 0 | X35: 0 | Y35: 0 | Z35: 0
A36: =Interview!$B$16 -> Governance | B36: =Interview!$B$45 -> Education & Guidance | C36: =Roadmap!M36 -> 0 | D36: =Roadmap!L36 -> 0 | E36: =Roadmap!L37 -> 0 | F36: =Roadmap!L38 -> 0 | G36: =(((((IF((C36="0+"),0.5,0)+IF((C36=1),1,0))+IF((C36="1+"),1.5,0))+IF((C36=2),2,0))+IF((C36="2+"),2.5,0))+IF((C36=3),3,0))+IF((C36="3+"),3.5,0) -> 0 | I36: =A40 -> Implementation | J36: =AVERAGE(C40:C42) -> 0 | T36: =Interview!$B$16 -> Governance | U36: =Interview!$B$45 -> Education & Guidance | V36: =C36 -> 0 | W36: 0 | X36: 0 | Y36: 0 | Z36: 0
A37: =Interview!$B$59 -> Design | B37: =Interview!$B$60 -> Threat Assessment | C37: =Roadmap!M46 -> 0 | D37: =Roadmap!L46 -> 0 | E37: =Roadmap!L47 -> 0 | F37: =Roadmap!L48 -> 0 | G37: =(((((IF((C37="0+"),0.5,0)+IF((C37=1),1,0))+IF((C37="1+"),1.5,0))+IF((C37=2),2,0))+IF((C37="2+"),2.5,0))+IF((C37=3),3,0))+IF((C37="3+"),3.5,0) -> 0 | I37: =A43 -> Verification | J37: =AVERAGE(C43:C45) -> 0 | T37: =Interview!$B$59 -> Design | U37: =Interview!$B$60 -> Threat Assessment | V37: 0 | W37: =C37 -> 0 | X37: 0 | Y37: 0 | Z37: 0
A38: =Interview!$B$59 -> Design | B38: =Interview!$B$74 -> Security Requirements | C38: =Roadmap!M55 -> 0 | D38: =Roadmap!L55 -> 0 | E38: =Roadmap!L56 -> 0 | F38: =Roadmap!L57 -> 0 | G38: =(((((IF((C38="0+"),0.5,0)+IF((C38=1),1,0))+IF((C38="1+"),1.5,0))+IF((C38=2),2,0))+IF((C38="2+"),2.5,0))+IF((C38=3),3,0))+IF((C38="3+"),3.5,0) -> 0 | I38: =A46 -> Operations | J38: =AVERAGE(C46:C48) -> 0 | T38: =Interview!$B$59 -> Design | U38: =Interview!$B$74 -> Security Requirements | V38: 0 | W38: =C38 -> 0 | X38: 0 | Y38: 0 | Z38: 0
A39: =Interview!$B$59 -> Design | B39: =Interview!$B$88 -> Secure Architecture | C39: =Roadmap!M64 -> 0 | D39: =Roadmap!L64 -> 0 | E39: =Roadmap!L65 -> 0 | F39: =Roadmap!L66 -> 0 | G39: =(((((IF((C39="0+"),0.5,0)+IF((C39=1),1,0))+IF((C39="1+"),1.5,0))+IF((C39=2),2,0))+IF((C39="2+"),2.5,0))+IF((C39=3),3,0))+IF((C39="3+"),3.5,0) -> 0 | I39: Overall | J39: =AVERAGE(J34:J38) -> 0 | T39: =Interview!$B$59 -> Design | U39: =Interview!$B$88 -> Secure Architecture | V39: 0 | W39: =C39 -> 0 | X39: 0 | Y39: 0 | Z39: 0
A40: =Interview!$B$102 -> Implementation | B40: =Interview!$B$103 -> Secure Build | C40: =Roadmap!M74 -> 0 | D40: =Roadmap!L74 -> 0 | E40: =Roadmap!L75 -> 0 | F40: =Roadmap!L76 -> 0 | G40: =(((((IF((C40="0+"),0.5,0)+IF((C40=1),1,0))+IF((C40="1+"),1.5,0))+IF((C40=2),2,0))+IF((C40="2+"),2.5,0))+IF((C40=3),3,0))+IF((C40="3+"),3.5,0) -> 0 | T40: =Interview!$B$102 -> Implementation | U40: =Interview!$B$103 -> Secure Build | V40: 0 | W40: 0 | X40: =C40 -> 0 | Y40: 0 | Z40: 0
A41: =Interview!$B$102 -> Implementation | B41: =Interview!$B$117 -> Secure Deployment | C41: =Roadmap!M83 -> 0 | D41: =Roadmap!L83 -> 0 | E41: =Roadmap!L84 -> 0 | F41: =Roadmap!L85 -> 0 | G41: =(((((IF((C41="0+"),0.5,0)+IF((C41=1),1,0))+IF((C41="1+"),1.5,0))+IF((C41=2),2,0))+IF((C41="2+"),2.5,0))+IF((C41=3),3,0))+IF((C41="3+"),3.5,0) -> 0 | T41: =Interview!$B$102 -> Implementation | U41: =Interview!$B$117 -> Secure Deployment | V41: 0 | W41: 0 | X41: =C41 -> 0 | Y41: 0 | Z41: 0
A42: =Interview!$B$102 -> Implementation | B42: =Interview!$B$131 -> Defect Management | C42: =Roadmap!M92 -> 0 | D42: =Roadmap!L92 -> 0 | E42: =Roadmap!L93 -> 0 | F42: =Roadmap!L94 -> 0 | G42: =(((((IF((C42="0+"),0.5,0)+IF((C42=1),1,0))+IF((C42="1+"),1.5,0))+IF((C42=2),2,0))+IF((C42="2+"),2.5,0))+IF((C42=3),3,0))+IF((C42="3+"),3.5,0) -> 0 | T42: =Interview!$B$102 -> Implementation | U42: =Interview!$B$131 -> Defect Management | V42: 0 | W42: 0 | X42: =C42 -> 0 | Y42: 0 | Z42: 0
A43: =Interview!$B$145 -> Verification | B43: =Interview!$B$146 -> Architecture Assessment | C43: =Roadmap!M102 -> 0 | D43: =Roadmap!L102 -> 0 | E43: =Roadmap!L103 -> 0 | F43: =Roadmap!L104 -> 0 | G43: =(((((IF((C43="0+"),0.5,0)+IF((C43=1),1,0))+IF((C43="1+"),1.5,0))+IF((C43=2),2,0))+IF((C43="2+"),2.5,0))+IF((C43=3),3,0))+IF((C43="3+"),3.5,0) -> 0 | T43: =Interview!$B$145 -> Verification | U43: =Interview!$B$146 -> Architecture Assessment | V43: 0 | W43: 0 | X43: 0 | Y43: =C43 -> 0 | Z43: 0
A44: =Interview!$B$145 -> Verification | B44: =Interview!$B$160 -> Requirements Testing | C44: =Roadmap!M111 -> 0 | D44: =Roadmap!L111 -> 0 | E44: =Roadmap!L112 -> 0 | F44: =Roadmap!L113 -> 0 | G44: =(((((IF((C44="0+"),0.5,0)+IF((C44=1),1,0))+IF((C44="1+"),1.5,0))+IF((C44=2),2,0))+IF((C44="2+"),2.5,0))+IF((C44=3),3,0))+IF((C44="3+"),3.5,0) -> 0 | T44: =Interview!$B$145 -> Verification | U44: =Interview!$B$160 -> Requirements Testing | V44: 0 | W44: 0 | X44: 0 | Y44: =C44 -> 0 | Z44: 0
A45: =Interview!$B$145 -> Verification | B45: =Interview!$B$174 -> Security Testing | C45: =Roadmap!M120 -> 0 | D45: =Roadmap!L120 -> 0 | E45: =Roadmap!L121 -> 0 | F45: =Roadmap!L122 -> 0 | G45: =(((((IF((C45="0+"),0.5,0)+IF((C45=1),1,0))+IF((C45="1+"),1.5,0))+IF((C45=2),2,0))+IF((C45="2+"),2.5,0))+IF((C45=3),3,0))+IF((C45="3+"),3.5,0) -> 0 | T45: =Interview!$B$145 -> Verification | U45: =Interview!$B$174 -> Security Testing | V45: 0 | W45: 0 | X45: 0 | Y45: =C45 -> 0 | Z45: 0
A46: =Interview!$B$188 -> Operations | B46: =Interview!$B$189 -> Incident Management | C46: =Roadmap!M130 -> 0 | D46: =Roadmap!L130 -> 0 | E46: =Roadmap!L131 -> 0 | F46: =Roadmap!L132 -> 0 | G46: =(((((IF((C46="0+"),0.5,0)+IF((C46=1),1,0))+IF((C46="1+"),1.5,0))+IF((C46=2),2,0))+IF((C46="2+"),2.5,0))+IF((C46=3),3,0))+IF((C46="3+"),3.5,0) -> 0 | T46: =Interview!$B$188 -> Operations | U46: =Interview!$B$189 -> Incident Management | V46: 0 | W46: 0 | X46: 0 | Y46: 0 | Z46: =C46 -> 0
A47: =Interview!$B$188 -> Operations | B47: =Interview!$B$203 -> Environment Management | C47: =Roadmap!M139 -> 0 | D47: =Roadmap!L139 -> 0 | E47: =Roadmap!L140 -> 0 | F47: =Roadmap!L141 -> 0 | G47: =(((((IF((C47="0+"),0.5,0)+IF((C47=1),1,0))+IF((C47="1+"),1.5,0))+IF((C47=2),2,0))+IF((C47="2+"),2.5,0))+IF((C47=3),3,0))+IF((C47="3+"),3.5,0) -> 0 | T47: =Interview!$B$188 -> Operations | U47: =Interview!$B$203 -> Environment Management | V47: 0 | W47: 0 | X47: 0 | Y47: 0 | Z47: =C47 -> 0
A48: =Interview!$B$188 -> Operations | B48: =Interview!$B$217 -> Operational Management | C48: =Roadmap!M148 -> 0 | D48: =Roadmap!L148 -> 0 | E48: =Roadmap!L149 -> 0 | F48: =Roadmap!L150 -> 0 | G48: =(((((IF((C48="0+"),0.5,0)+IF((C48=1),1,0))+IF((C48="1+"),1.5,0))+IF((C48=2),2,0))+IF((C48="2+"),2.5,0))+IF((C48=3),3,0))+IF((C48="3+"),3.5,0) -> 0 | T48: =Interview!$B$188 -> Operations | U48: =Interview!$B$217 -> Operational Management | V48: 0 | W48: 0 | X48: 0 | Y48: 0 | Z48: =C48 -> 0
A51: Phase 2 Maturity Score | L51: Phase 2 Maturity Score | T51: Phase 2 Maturity Score
D52: Maturity
A53: Business Functions | B53: Security Practices | C53: Score | D53: 1 | E53: 2 | F53: 3 | G53: Translated Value | I53: Business Functions | J53: Score | V53: =T54 -> Governance | W53: =T57 -> Design | X53: =T60 -> Implementation | Y53: =T63 -> Verification | Z53: =T66 -> Operations
A54: =Interview!$B$16 -> Governance | B54: =Interview!$D$17 -> Strategy & Metrics | C54: =Roadmap!Q18 -> 0 | D54: =Roadmap!P18 -> 0 | E54: =Roadmap!P19 -> 0 | F54: =Roadmap!P20 -> 0 | G54: =(((((IF((C54="0+"),0.5,0)+IF((C54=1),1,0))+IF((C54="1+"),1.5,0))+IF((C54=2),2,0))+IF((C54="2+"),2.5,0))+IF((C54=3),3,0))+IF((C54="3+"),3.5,0) -> 0 | I54: =A54 -> Governance | J54: =AVERAGE(C54:C56) -> 0 | T54: =Interview!$B$16 -> Governance | U54: =Interview!$D$17 -> Strategy & Metrics | V54: =C54 -> 0 | W54: 0 | X54: 0 | Y54: 0 | Z54: 0
A55: =Interview!$B$16 -> Governance | B55: =Interview!$B$31 -> Policy & Compliance | C55: =Roadmap!Q27 -> 0 | D55: =Roadmap!P27 -> 0 | E55: =Roadmap!P28 -> 0 | F55: =Roadmap!P29 -> 0 | G55: =(((((IF((C55="0+"),0.5,0)+IF((C55=1),1,0))+IF((C55="1+"),1.5,0))+IF((C55=2),2,0))+IF((C55="2+"),2.5,0))+IF((C55=3),3,0))+IF((C55="3+"),3.5,0) -> 0 | I55: =A57 -> Design | J55: =AVERAGE(C57:C59) -> 0 | T55: =Interview!$B$16 -> Governance | U55: =Interview!$B$31 -> Policy & Compliance | V55: =C55 -> 0 | W55: 0 | X55: 0 | Y55: 0 | Z55: 0
A56: =Interview!$B$16 -> Governance | B56: =Interview!$B$45 -> Education & Guidance | C56: =Roadmap!Q36 -> 0 | D56: =Roadmap!P36 -> 0 | E56: =Roadmap!P37 -> 0 | F56: =Roadmap!P38 -> 0 | G56: =(((((IF((C56="0+"),0.5,0)+IF((C56=1),1,0))+IF((C56="1+"),1.5,0))+IF((C56=2),2,0))+IF((C56="2+"),2.5,0))+IF((C56=3),3,0))+IF((C56="3+"),3.5,0) -> 0 | I56: =A60 -> Implementation | J56: =AVERAGE(C60:C62) -> 0 | T56: =Interview!$B$16 -> Governance | U56: =Interview!$B$45 -> Education & Guidance | V56: =C56 -> 0 | W56: 0 | X56: 0 | Y56: 0 | Z56: 0
A57: =Interview!$B$59 -> Design | B57: =Interview!$B$60 -> Threat Assessment | C57: =Roadmap!Q46 -> 0 | D57: =Roadmap!P46 -> 0 | E57: =Roadmap!P47 -> 0 | F57: =Roadmap!P48 -> 0 | G57: =(((((IF((C57="0+"),0.5,0)+IF((C57=1),1,0))+IF((C57="1+"),1.5,0))+IF((C57=2),2,0))+IF((C57="2+"),2.5,0))+IF((C57=3),3,0))+IF((C57="3+"),3.5,0) -> 0 | I57: =A63 -> Verification | J57: =AVERAGE(C63:C65) -> 0 | T57: =Interview!$B$59 -> Design | U57: =Interview!$B$60 -> Threat Assessment | V57: 0 | W57: =C57 -> 0 | X57: 0 | Y57: 0 | Z57: 0
A58: =Interview!$B$59 -> Design | B58: =Interview!$B$74 -> Security Requirements | C58: =Roadmap!Q55 -> 0 | D58: =Roadmap!P55 -> 0 | E58: =Roadmap!P56 -> 0 | F58: =Roadmap!P57 -> 0 | G58: =(((((IF((C58="0+"),0.5,0)+IF((C58=1),1,0))+IF((C58="1+"),1.5,0))+IF((C58=2),2,0))+IF((C58="2+"),2.5,0))+IF((C58=3),3,0))+IF((C58="3+"),3.5,0) -> 0 | I58: =A66 -> Operations | J58: =AVERAGE(C66:C68) -> 0 | T58: =Interview!$B$59 -> Design | U58: =Interview!$B$74 -> Security Requirements | V58: 0 | W58: =C58 -> 0 | X58: 0 | Y58: 0 | Z58: 0
A59: =Interview!$B$59 -> Design | B59: =Interview!$B$88 -> Secure Architecture | C59: =Roadmap!Q64 -> 0 | D59: =Roadmap!P64 -> 0 | E59: =Roadmap!P65 -> 0 | F59: =Roadmap!P66 -> 0 | G59: =(((((IF((C59="0+"),0.5,0)+IF((C59=1),1,0))+IF((C59="1+"),1.5,0))+IF((C59=2),2,0))+IF((C59="2+"),2.5,0))+IF((C59=3),3,0))+IF((C59="3+"),3.5,0) -> 0 | I59: Overall | J59: =AVERAGE(J54:J58) -> 0 | T59: =Interview!$B$59 -> Design | U59: =Interview!$B$88 -> Secure Architecture | V59: 0 | W59: =C59 -> 0 | X59: 0 | Y59: 0 | Z59: 0
A60: =Interview!$B$102 -> Implementation | B60: =Interview!$B$103 -> Secure Build | C60: =Roadmap!Q74 -> 0 | D60: =Roadmap!P74 -> 0 | E60: =Roadmap!P75 -> 0 | F60: =Roadmap!P76 -> 0 | G60: =(((((IF((C60="0+"),0.5,0)+IF((C60=1),1,0))+IF((C60="1+"),1.5,0))+IF((C60=2),2,0))+IF((C60="2+"),2.5,0))+IF((C60=3),3,0))+IF((C60="3+"),3.5,0) -> 0 | T60: =Interview!$B$102 -> Implementation | U60: =Interview!$B$103 -> Secure Build | V60: 0 | W60: 0 | X60: =C60 -> 0 | Y60: 0 | Z60: 0
A61: =Interview!$B$102 -> Implementation | B61: =Interview!$B$117 -> Secure Deployment | C61: =Roadmap!Q83 -> 0 | D61: =Roadmap!P83 -> 0 | E61: =Roadmap!P84 -> 0 | F61: =Roadmap!P85 -> 0 | G61: =(((((IF((C61="0+"),0.5,0)+IF((C61=1),1,0))+IF((C61="1+"),1.5,0))+IF((C61=2),2,0))+IF((C61="2+"),2.5,0))+IF((C61=3),3,0))+IF((C61="3+"),3.5,0) -> 0 | T61: =Interview!$B$102 -> Implementation | U61: =Interview!$B$117 -> Secure Deployment | V61: 0 | W61: 0 | X61: =C61 -> 0 | Y61: 0 | Z61: 0
A62: =Interview!$B$102 -> Implementation | B62: =Interview!$B$131 -> Defect Management | C62: =Roadmap!Q92 -> 0 | D62: =Roadmap!P92 -> 0 | E62: =Roadmap!P93 -> 0 | F62: =Roadmap!P94 -> 0 | G62: =(((((IF((C62="0+"),0.5,0)+IF((C62=1),1,0))+IF((C62="1+"),1.5,0))+IF((C62=2),2,0))+IF((C62="2+"),2.5,0))+IF((C62=3),3,0))+IF((C62="3+"),3.5,0) -> 0 | T62: =Interview!$B$102 -> Implementation | U62: =Interview!$B$131 -> Defect Management | V62: 0 | W62: 0 | X62: =C62 -> 0 | Y62: 0 | Z62: 0
A63: =Interview!$B$145 -> Verification | B63: =Interview!$B$146 -> Architecture Assessment | C63: =Roadmap!Q102 -> 0 | D63: =Roadmap!P102 -> 0 | E63: =Roadmap!P103 -> 0 | F63: =Roadmap!P104 -> 0 | G63: =(((((IF((C63="0+"),0.5,0)+IF((C63=1),1,0))+IF((C63="1+"),1.5,0))+IF((C63=2),2,0))+IF((C63="2+"),2.5,0))+IF((C63=3),3,0))+IF((C63="3+"),3.5,0) -> 0 | T63: =Interview!$B$145 -> Verification | U63: =Interview!$B$146 -> Architecture Assessment | V63: 0 | W63: 0 | X63: 0 | Y63: =C63 -> 0 | Z63: 0
A64: =Interview!$B$145 -> Verification | B64: =Interview!$B$160 -> Requirements Testing | C64: =Roadmap!Q111 -> 0 | D64: =Roadmap!P111 -> 0 | E64: =Roadmap!P112 -> 0 | F64: =Roadmap!P113 -> 0 | G64: =(((((IF((C64="0+"),0.5,0)+IF((C64=1),1,0))+IF((C64="1+"),1.5,0))+IF((C64=2),2,0))+IF((C64="2+"),2.5,0))+IF((C64=3),3,0))+IF((C64="3+"),3.5,0) -> 0 | T64: =Interview!$B$145 -> Verification | U64: =Interview!$B$160 -> Requirements Testing | V64: 0 | W64: 0 | X64: 0 | Y64: =C64 -> 0 | Z64: 0
A65: =Interview!$B$145 -> Verification | B65: =Interview!$B$174 -> Security Testing | C65: =Roadmap!Q120 -> 0 | D65: =Roadmap!P120 -> 0 | E65: =Roadmap!P121 -> 0 | F65: =Roadmap!P122 -> 0 | G65: =(((((IF((C65="0+"),0.5,0)+IF((C65=1),1,0))+IF((C65="1+"),1.5,0))+IF((C65=2),2,0))+IF((C65="2+"),2.5,0))+IF((C65=3),3,0))+IF((C65="3+"),3.5,0) -> 0 | T65: =Interview!$B$145 -> Verification | U65: =Interview!$B$174 -> Security Testing | V65: 0 | W65: 0 | X65: 0 | Y65: =C65 -> 0 | Z65: 0
A66: =Interview!$B$188 -> Operations | B66: =Interview!$B$189 -> Incident Management | C66: =Roadmap!Q130 -> 0 | D66: =Roadmap!P130 -> 0 | E66: =Roadmap!P131 -> 0 | F66: =Roadmap!P132 -> 0 | G66: =(((((IF((C66="0+"),0.5,0)+IF((C66=1),1,0))+IF((C66="1+"),1.5,0))+IF((C66=2),2,0))+IF((C66="2+"),2.5,0))+IF((C66=3),3,0))+IF((C66="3+"),3.5,0) -> 0 | T66: =Interview!$B$188 -> Operations | U66: =Interview!$B$189 -> Incident Management | V66: 0 | W66: 0 | X66: 0 | Y66: 0 | Z66: =C66 -> 0
A67: =Interview!$B$188 -> Operations | B67: =Interview!$B$203 -> Environment Management | C67: =Roadmap!Q139 -> 0 | D67: =Roadmap!P139 -> 0 | E67: =Roadmap!P140 -> 0 | F67: =Roadmap!P141 -> 0 | G67: =(((((IF((C67="0+"),0.5,0)+IF((C67=1),1,0))+IF((C67="1+"),1.5,0))+IF((C67=2),2,0))+IF((C67="2+"),2.5,0))+IF((C67=3),3,0))+IF((C67="3+"),3.5,0) -> 0 | T67: =Interview!$B$188 -> Operations | U67: =Interview!$B$203 -> Environment Management | V67: 0 | W67: 0 | X67: 0 | Y67: 0 | Z67: =C67 -> 0
A68: =Interview!$B$188 -> Operations | B68: =Interview!$B$217 -> Operational Management | C68: =Roadmap!Q148 -> 0 | D68: =Roadmap!P148 -> 0 | E68: =Roadmap!P149 -> 0 | F68: =Roadmap!P150 -> 0 | G68: =(((((IF((C68="0+"),0.5,0)+IF((C68=1),1,0))+IF((C68="1+"),1.5,0))+IF((C68=2),2,0))+IF((C68="2+"),2.5,0))+IF((C68=3),3,0))+IF((C68="3+"),3.5,0) -> 0 | T68: =Interview!$B$188 -> Operations | U68: =Interview!$B$217 -> Operational Management | V68: 0 | W68: 0 | X68: 0 | Y68: 0 | Z68: =C68 -> 0
A70: Phase 3 Maturity Score | L70: Phase 3 Maturity Score | T70: Phase 3 Maturity Score
D71: Maturity
A72: Business Functions | B72: Security Practices | C72: Score | D72: 1 | E72: 2 | F72: 3 | G72: Translated Value | I72: Business Functions | J72: Score | V72: =T73 -> Governance | W72: =T76 -> Design | X72: =T79 -> Implementation | Y72: =T82 -> Verification | Z72: =T85 -> Operations
A73: =Interview!$B$16 -> Governance | B73: =Interview!$D$17 -> Strategy & Metrics | C73: =Roadmap!U18 -> 0 | D73: =Roadmap!T18 -> 0 | E73: =Roadmap!T19 -> 0 | F73: =Roadmap!T20 -> 0 | G73: =(((((IF((C73="0+"),0.5,0)+IF((C73=1),1,0))+IF((C73="1+"),1.5,0))+IF((C73=2),2,0))+IF((C73="2+"),2.5,0))+IF((C73=3),3,0))+IF((C73="3+"),3.5,0) -> 0 | I73: =A73 -> Governance | J73: =AVERAGE(C73:C75) -> 0 | T73: =Interview!$B$16 -> Governance | U73: =Interview!$D$17 -> Strategy & Metrics | V73: =C73 -> 0 | W73: 0 | X73: 0 | Y73: 0 | Z73: 0
A74: =Interview!$B$16 -> Governance | B74: =Interview!$B$31 -> Policy & Compliance | C74: =Roadmap!U27 -> 0 | D74: =Roadmap!T27 -> 0 | E74: =Roadmap!T28 -> 0 | F74: =Roadmap!T29 -> 0 | G74: =(((((IF((C74="0+"),0.5,0)+IF((C74=1),1,0))+IF((C74="1+"),1.5,0))+IF((C74=2),2,0))+IF((C74="2+"),2.5,0))+IF((C74=3),3,0))+IF((C74="3+"),3.5,0) -> 0 | I74: =A76 -> Design | J74: =AVERAGE(C76:C78) -> 0 | T74: =Interview!$B$16 -> Governance | U74: =Interview!$B$31 -> Policy & Compliance | V74: =C74 -> 0 | W74: 0 | X74: 0 | Y74: 0 | Z74: 0
A75: =Interview!$B$16 -> Governance | B75: =Interview!$B$45 -> Education & Guidance | C75: =Roadmap!U36 -> 0 | D75: =Roadmap!T36 -> 0 | E75: =Roadmap!T37 -> 0 | F75: =Roadmap!T38 -> 0 | G75: =(((((IF((C75="0+"),0.5,0)+IF((C75=1),1,0))+IF((C75="1+"),1.5,0))+IF((C75=2),2,0))+IF((C75="2+"),2.5,0))+IF((C75=3),3,0))+IF((C75="3+"),3.5,0) -> 0 | I75: =A79 -> Implementation | J75: =AVERAGE(C79:C81) -> 0 | T75: =Interview!$B$16 -> Governance | U75: =Interview!$B$45 -> Education & Guidance | V75: =C75 -> 0 | W75: 0 | X75: 0 | Y75: 0 | Z75: 0
A76: =Interview!$B$59 -> Design | B76: =Interview!$B$60 -> Threat Assessment | C76: =Roadmap!U46 -> 0 | D76: =Roadmap!T46 -> 0 | E76: =Roadmap!T47 -> 0 | F76: =Roadmap!T48 -> 0 | G76: =(((((IF((C76="0+"),0.5,0)+IF((C76=1),1,0))+IF((C76="1+"),1.5,0))+IF((C76=2),2,0))+IF((C76="2+"),2.5,0))+IF((C76=3),3,0))+IF((C76="3+"),3.5,0) -> 0 | I76: =A82 -> Verification | J76: =AVERAGE(C82:C84) -> 0 | T76: =Interview!$B$59 -> Design | U76: =Interview!$B$60 -> Threat Assessment | V76: 0 | W76: =C76 -> 0 | X76: 0 | Y76: 0 | Z76: 0
A77: =Interview!$B$59 -> Design | B77: =Interview!$B$74 -> Security Requirements | C77: =Roadmap!U55 -> 0 | D77: =Roadmap!T55 -> 0 | E77: =Roadmap!T56 -> 0 | F77: =Roadmap!T57 -> 0 | G77: =(((((IF((C77="0+"),0.5,0)+IF((C77=1),1,0))+IF((C77="1+"),1.5,0))+IF((C77=2),2,0))+IF((C77="2+"),2.5,0))+IF((C77=3),3,0))+IF((C77="3+"),3.5,0) -> 0 | I77: =A85 -> Operations | J77: =AVERAGE(C85:C87) -> 0 | T77: =Interview!$B$59 -> Design | U77: =Interview!$B$74 -> Security Requirements | V77: 0 | W77: =C77 -> 0 | X77: 0 | Y77: 0 | Z77: 0
A78: =Interview!$B$59 -> Design | B78: =Interview!$B$88 -> Secure Architecture | C78: =Roadmap!U64 -> 0 | D78: =Roadmap!T64 -> 0 | E78: =Roadmap!T65 -> 0 | F78: =Roadmap!T66 -> 0 | G78: =(((((IF((C78="0+"),0.5,0)+IF((C78=1),1,0))+IF((C78="1+"),1.5,0))+IF((C78=2),2,0))+IF((C78="2+"),2.5,0))+IF((C78=3),3,0))+IF((C78="3+"),3.5,0) -> 0 | I78: Overall | J78: =AVERAGE(J73:J77) -> 0 | T78: =Interview!$B$59 -> Design | U78: =Interview!$B$88 -> Secure Architecture | V78: 0 | W78: =C78 -> 0 | X78: 0 | Y78: 0 | Z78: 0
A79: =Interview!$B$102 -> Implementation | B79: =Interview!$B$103 -> Secure Build | C79: =Roadmap!U74 -> 0 | D79: =Roadmap!T74 -> 0 | E79: =Roadmap!T75 -> 0 | F79: =Roadmap!T76 -> 0 | G79: =(((((IF((C79="0+"),0.5,0)+IF((C79=1),1,0))+IF((C79="1+"),1.5,0))+IF((C79=2),2,0))+IF((C79="2+"),2.5,0))+IF((C79=3),3,0))+IF((C79="3+"),3.5,0) -> 0 | T79: =Interview!$B$102 -> Implementation | U79: =Interview!$B$103 -> Secure Build | V79: 0 | W79: 0 | X79: =C79 -> 0 | Y79: 0 | Z79: 0
A80: =Interview!$B$102 -> Implementation | B80: =Interview!$B$117 -> Secure Deployment | C80: =Roadmap!U83 -> 0 | D80: =Roadmap!T83 -> 0 | E80: =Roadmap!T84 -> 0 | F80: =Roadmap!T85 -> 0 | G80: =(((((IF((C80="0+"),0.5,0)+IF((C80=1),1,0))+IF((C80="1+"),1.5,0))+IF((C80=2),2,0))+IF((C80="2+"),2.5,0))+IF((C80=3),3,0))+IF((C80="3+"),3.5,0) -> 0 | T80: =Interview!$B$102 -> Implementation | U80: =Interview!$B$117 -> Secure Deployment | V80: 0 | W80: 0 | X80: =C80 -> 0 | Y80: 0 | Z80: 0
A81: =Interview!$B$102 -> Implementation | B81: =Interview!$B$131 -> Defect Management | C81: =Roadmap!U92 -> 0 | D81: =Roadmap!T92 -> 0 | E81: =Roadmap!T93 -> 0 | F81: =Roadmap!T94 -> 0 | G81: =(((((IF((C81="0+"),0.5,0)+IF((C81=1),1,0))+IF((C81="1+"),1.5,0))+IF((C81=2),2,0))+IF((C81="2+"),2.5,0))+IF((C81=3),3,0))+IF((C81="3+"),3.5,0) -> 0 | T81: =Interview!$B$102 -> Implementation | U81: =Interview!$B$131 -> Defect Management | V81: 0 | W81: 0 | X81: =C81 -> 0 | Y81: 0 | Z81: 0
A82: =Interview!$B$145 -> Verification | B82: =Interview!$B$146 -> Architecture Assessment | C82: =Roadmap!U102 -> 0 | D82: =Roadmap!T102 -> 0 | E82: =Roadmap!T103 -> 0 | F82: =Roadmap!T104 -> 0 | G82: =(((((IF((C82="0+"),0.5,0)+IF((C82=1),1,0))+IF((C82="1+"),1.5,0))+IF((C82=2),2,0))+IF((C82="2+"),2.5,0))+IF((C82=3),3,0))+IF((C82="3+"),3.5,0) -> 0 | T82: =Interview!$B$145 -> Verification | U82: =Interview!$B$146 -> Architecture Assessment | V82: 0 | W82: 0 | X82: 0 | Y82: =C82 -> 0 | Z82: 0
A83: =Interview!$B$145 -> Verification | B83: =Interview!$B$160 -> Requirements Testing | C83: =Roadmap!U111 -> 0 | D83: =Roadmap!T111 -> 0 | E83: =Roadmap!T112 -> 0 | F83: =Roadmap!T113 -> 0 | G83: =(((((IF((C83="0+"),0.5,0)+IF((C83=1),1,0))+IF((C83="1+"),1.5,0))+IF((C83=2),2,0))+IF((C83="2+"),2.5,0))+IF((C83=3),3,0))+IF((C83="3+"),3.5,0) -> 0 | T83: =Interview!$B$145 -> Verification | U83: =Interview!$B$160 -> Requirements Testing | V83: 0 | W83: 0 | X83: 0 | Y83: =C83 -> 0 | Z83: 0
A84: =Interview!$B$145 -> Verification | B84: =Interview!$B$174 -> Security Testing | C84: =Roadmap!U120 -> 0 | D84: =Roadmap!T120 -> 0 | E84: =Roadmap!T121 -> 0 | F84: =Roadmap!T122 -> 0 | G84: =(((((IF((C84="0+"),0.5,0)+IF((C84=1),1,0))+IF((C84="1+"),1.5,0))+IF((C84=2),2,0))+IF((C84="2+"),2.5,0))+IF((C84=3),3,0))+IF((C84="3+"),3.5,0) -> 0 | T84: =Interview!$B$145 -> Verification | U84: =Interview!$B$174 -> Security Testing | V84: 0 | W84: 0 | X84: 0 | Y84: =C84 -> 0 | Z84: 0
A85: =Interview!$B$188 -> Operations | B85: =Interview!$B$189 -> Incident Management | C85: =Roadmap!U130 -> 0 | D85: =Roadmap!T130 -> 0 | E85: =Roadmap!T131 -> 0 | F85: =Roadmap!T132 -> 0 | G85: =(((((IF((C85="0+"),0.5,0)+IF((C85=1),1,0))+IF((C85="1+"),1.5,0))+IF((C85=2),2,0))+IF((C85="2+"),2.5,0))+IF((C85=3),3,0))+IF((C85="3+"),3.5,0) -> 0 | T85: =Interview!$B$188 -> Operations | U85: =Interview!$B$189 -> Incident Management | V85: 0 | W85: 0 | X85: 0 | Y85: 0 | Z85: =C85 -> 0
A86: =Interview!$B$188 -> Operations | B86: =Interview!$B$203 -> Environment Management | C86: =Roadmap!U139 -> 0 | D86: =Roadmap!T139 -> 0 | E86: =Roadmap!T140 -> 0 | F86: =Roadmap!T141 -> 0 | G86: =(((((IF((C86="0+"),0.5,0)+IF((C86=1),1,0))+IF((C86="1+"),1.5,0))+IF((C86=2),2,0))+IF((C86="2+"),2.5,0))+IF((C86=3),3,0))+IF((C86="3+"),3.5,0) -> 0 | T86: =Interview!$B$188 -> Operations | U86: =Interview!$B$203 -> Environment Management | V86: 0 | W86: 0 | X86: 0 | Y86: 0 | Z86: =C86 -> 0
A87: =Interview!$B$188 -> Operations | B87: =Interview!$B$217 -> Operational Management | C87: =Roadmap!U148 -> 0 | D87: =Roadmap!T148 -> 0 | E87: =Roadmap!T149 -> 0 | F87: =Roadmap!T150 -> 0 | G87: =(((((IF((C87="0+"),0.5,0)+IF((C87=1),1,0))+IF((C87="1+"),1.5,0))+IF((C87=2),2,0))+IF((C87="2+"),2.5,0))+IF((C87=3),3,0))+IF((C87="3+"),3.5,0) -> 0 | T87: =Interview!$B$188 -> Operations | U87: =Interview!$B$217 -> Operational Management | V87: 0 | W87: 0 | X87: 0 | Y87: 0 | Z87: =C87 -> 0
A91: Phase 4 Maturity Score | L91: Phase 4 Maturity Score | T91: Phase 4 Maturity Score
D92: Maturity
A93: Business Functions | B93: Security Practices | C93: Score | D93: 1 | E93: 2 | F93: 3 | G93: Translated Value | I93: Business Functions | J93: Score | V93: =T94 -> Governance | W93: =T97 -> Design | X93: =T100 -> Implementation | Y93: =T103 -> Verification | Z93: =T106 -> Operations
A94: =Interview!$B$16 -> Governance | B94: =Interview!$D$17 -> Strategy & Metrics | C94: =Roadmap!Y18 -> 0 | D94: =Roadmap!X18 -> 0 | E94: =Roadmap!X19 -> 0 | F94: =Roadmap!X20 -> 0 | G94: =(((((IF((C94="0+"),0.5,0)+IF((C94=1),1,0))+IF((C94="1+"),1.5,0))+IF((C94=2),2,0))+IF((C94="2+"),2.5,0))+IF((C94=3),3,0))+IF((C94="3+"),3.5,0) -> 0 | I94: =A94 -> Governance | J94: =AVERAGE(C94:C96) -> 0 | T94: =Interview!$B$16 -> Governance | U94: =Interview!$D$17 -> Strategy & Metrics | V94: =C94 -> 0 | W94: 0 | X94: 0 | Y94: 0 | Z94: 0
A95: =Interview!$B$16 -> Governance | B95: =Interview!$B$31 -> Policy & Compliance | C95: =Roadmap!Y27 -> 0 | D95: =Roadmap!X27 -> 0 | E95: =Roadmap!X28 -> 0 | F95: =Roadmap!X29 -> 0 | G95: =(((((IF((C95="0+"),0.5,0)+IF((C95=1),1,0))+IF((C95="1+"),1.5,0))+IF((C95=2),2,0))+IF((C95="2+"),2.5,0))+IF((C95=3),3,0))+IF((C95="3+"),3.5,0) -> 0 | I95: =A97 -> Design | J95: =AVERAGE(C97:C99) -> 0 | T95: =Interview!$B$16 -> Governance | U95: =Interview!$B$31 -> Policy & Compliance | V95: =C95 -> 0 | W95: 0 | X95: 0 | Y95: 0 | Z95: 0
A96: =Interview!$B$16 -> Governance | B96: =Interview!$B$45 -> Education & Guidance | C96: =Roadmap!Y36 -> 0 | D96: =Roadmap!X36 -> 0 | E96: =Roadmap!X37 -> 0 | F96: =Roadmap!X38 -> 0 | G96: =(((((IF((C96="0+"),0.5,0)+IF((C96=1),1,0))+IF((C96="1+"),1.5,0))+IF((C96=2),2,0))+IF((C96="2+"),2.5,0))+IF((C96=3),3,0))+IF((C96="3+"),3.5,0) -> 0 | I96: =A100 -> Implementation | J96: =AVERAGE(C100:C102) -> 0 | T96: =Interview!$B$16 -> Governance | U96: =Interview!$B$45 -> Education & Guidance | V96: =C96 -> 0 | W96: 0 | X96: 0 | Y96: 0 | Z96: 0
A97: =Interview!$B$59 -> Design | B97: =Interview!$B$60 -> Threat Assessment | C97: =Roadmap!Y46 -> 0 | D97: =Roadmap!X46 -> 0 | E97: =Roadmap!X47 -> 0 | F97: =Roadmap!X48 -> 0 | G97: =(((((IF((C97="0+"),0.5,0)+IF((C97=1),1,0))+IF((C97="1+"),1.5,0))+IF((C97=2),2,0))+IF((C97="2+"),2.5,0))+IF((C97=3),3,0))+IF((C97="3+"),3.5,0) -> 0 | I97: =A103 -> Verification | J97: =AVERAGE(C103:C105) -> 0 | T97: =Interview!$B$59 -> Design | U97: =Interview!$B$60 -> Threat Assessment | V97: 0 | W97: =C97 -> 0 | X97: 0 | Y97: 0 | Z97: 0
A98: =Interview!$B$59 -> Design | B98: =Interview!$B$74 -> Security Requirements | C98: =Roadmap!Y55 -> 0 | D98: =Roadmap!X55 -> 0 | E98: =Roadmap!X56 -> 0 | F98: =Roadmap!X57 -> 0 | G98: =(((((IF((C98="0+"),0.5,0)+IF((C98=1),1,0))+IF((C98="1+"),1.5,0))+IF((C98=2),2,0))+IF((C98="2+"),2.5,0))+IF((C98=3),3,0))+IF((C98="3+"),3.5,0) -> 0 | I98: =A106 -> Operations | J98: =AVERAGE(C106:C108) -> 0 | T98: =Interview!$B$59 -> Design | U98: =Interview!$B$74 -> Security Requirements | V98: 0 | W98: =C98 -> 0 | X98: 0 | Y98: 0 | Z98: 0
A99: =Interview!$B$59 -> Design | B99: =Interview!$B$88 -> Secure Architecture | C99: =Roadmap!Y64 -> 0 | D99: =Roadmap!X64 -> 0 | E99: =Roadmap!X65 -> 0 | F99: =Roadmap!X66 -> 0 | G99: =(((((IF((C99="0+"),0.5,0)+IF((C99=1),1,0))+IF((C99="1+"),1.5,0))+IF((C99=2),2,0))+IF((C99="2+"),2.5,0))+IF((C99=3),3,0))+IF((C99="3+"),3.5,0) -> 0 | I99: Overall | J99: =AVERAGE(J94:J98) -> 0 | T99: =Interview!$B$59 -> Design | U99: =Interview!$B$88 -> Secure Architecture | V99: 0 | W99: =C99 -> 0 | X99: 0 | Y99: 0 | Z99: 0
A100: =Interview!$B$102 -> Implementation | B100: =Interview!$B$103 -> Secure Build | C100: =Roadmap!Y74 -> 0 | D100: =Roadmap!X74 -> 0 | E100: =Roadmap!X75 -> 0 | F100: =Roadmap!X76 -> 0 | G100: =(((((IF((C100="0+"),0.5,0)+IF((C100=1),1,0))+IF((C100="1+"),1.5,0))+IF((C100=2),2,0))+IF((C100="2+"),2.5,0))+IF((C100=3),3,0))+IF((C100="3+"),3.5,0) -> 0 | T100: =Interview!$B$102 -> Implementation | U100: =Interview!$B$103 -> Secure Build | V100: 0 | W100: 0 | X100: =C100 -> 0 | Y100: 0 | Z100: 0
A101: =Interview!$B$102 -> Implementation | B101: =Interview!$B$117 -> Secure Deployment | C101: =Roadmap!Y83 -> 0 | D101: =Roadmap!X83 -> 0 | E101: =Roadmap!X84 -> 0 | F101: =Roadmap!X85 -> 0 | G101: =(((((IF((C101="0+"),0.5,0)+IF((C101=1),1,0))+IF((C101="1+"),1.5,0))+IF((C101=2),2,0))+IF((C101="2+"),2.5,0))+IF((C101=3),3,0))+IF((C101="3+"),3.5,0) -> 0 | T101: =Interview!$B$102 -> Implementation | U101: =Interview!$B$117 -> Secure Deployment | V101: 0 | W101: 0 | X101: =C101 -> 0 | Y101: 0 | Z101: 0
A102: =Interview!$B$102 -> Implementation | B102: =Interview!$B$131 -> Defect Management | C102: =Roadmap!Y92 -> 0 | D102: =Roadmap!X92 -> 0 | E102: =Roadmap!X93 -> 0 | F102: =Roadmap!X94 -> 0 | G102: =(((((IF((C102="0+"),0.5,0)+IF((C102=1),1,0))+IF((C102="1+"),1.5,0))+IF((C102=2),2,0))+IF((C102="2+"),2.5,0))+IF((C102=3),3,0))+IF((C102="3+"),3.5,0) -> 0 | T102: =Interview!$B$102 -> Implementation | U102: =Interview!$B$131 -> Defect Management | V102: 0 | W102: 0 | X102: =C102 -> 0 | Y102: 0 | Z102: 0
A103: =Interview!$B$145 -> Verification | B103: =Interview!$B$146 -> Architecture Assessment | C103: =Roadmap!Y102 -> 0 | D103: =Roadmap!X102 -> 0 | E103: =Roadmap!X103 -> 0 | F103: =Roadmap!X104 -> 0 | G103: =(((((IF((C103="0+"),0.5,0)+IF((C103=1),1,0))+IF((C103="1+"),1.5,0))+IF((C103=2),2,0))+IF((C103="2+"),2.5,0))+IF((C103=3),3,0))+IF((C103="3+"),3.5,0) -> 0 | T103: =Interview!$B$145 -> Verification | U103: =Interview!$B$146 -> Architecture Assessment | V103: 0 | W103: 0 | X103: 0 | Y103: =C103 -> 0 | Z103: 0
A104: =Interview!$B$145 -> Verification | B104: =Interview!$B$160 -> Requirements Testing | C104: =Roadmap!Y111 -> 0 | D104: =Roadmap!X111 -> 0 | E104: =Roadmap!X112 -> 0 | F104: =Roadmap!X113 -> 0 | G104: =(((((IF((C104="0+"),0.5,0)+IF((C104=1),1,0))+IF((C104="1+"),1.5,0))+IF((C104=2),2,0))+IF((C104="2+"),2.5,0))+IF((C104=3),3,0))+IF((C104="3+"),3.5,0) -> 0 | T104: =Interview!$B$145 -> Verification | U104: =Interview!$B$160 -> Requirements Testing | V104: 0 | W104: 0 | X104: 0 | Y104: =C104 -> 0 | Z104: 0
A105: =Interview!$B$145 -> Verification | B105: =Interview!$B$174 -> Security Testing | C105: =Roadmap!Y120 -> 0 | D105: =Roadmap!X120 -> 0 | E105: =Roadmap!X121 -> 0 | F105: =Roadmap!X122 -> 0 | G105: =(((((IF((C105="0+"),0.5,0)+IF((C105=1),1,0))+IF((C105="1+"),1.5,0))+IF((C105=2),2,0))+IF((C105="2+"),2.5,0))+IF((C105=3),3,0))+IF((C105="3+"),3.5,0) -> 0 | T105: =Interview!$B$145 -> Verification | U105: =Interview!$B$174 -> Security Testing | V105: 0 | W105: 0 | X105: 0 | Y105: =C105 -> 0 | Z105: 0
A106: =Interview!$B$188 -> Operations | B106: =Interview!$B$189 -> Incident Management | C106: =Roadmap!Y130 -> 0 | D106: =Roadmap!X130 -> 0 | E106: =Roadmap!X131 -> 0 | F106: =Roadmap!X132 -> 0 | G106: =(((((IF((C106="0+"),0.5,0)+IF((C106=1),1,0))+IF((C106="1+"),1.5,0))+IF((C106=2),2,0))+IF((C106="2+"),2.5,0))+IF((C106=3),3,0))+IF((C106="3+"),3.5,0) -> 0 | T106: =Interview!$B$188 -> Operations | U106: =Interview!$B$189 -> Incident Management | V106: 0 | W106: 0 | X106: 0 | Y106: 0 | Z106: =C106 -> 0
A107: =Interview!$B$188 -> Operations | B107: =Interview!$B$203 -> Environment Management | C107: =Roadmap!Y139 -> 0 | D107: =Roadmap!X139 -> 0 | E107: =Roadmap!X140 -> 0 | F107: =Roadmap!X141 -> 0 | G107: =(((((IF((C107="0+"),0.5,0)+IF((C107=1),1,0))+IF((C107="1+"),1.5,0))+IF((C107=2),2,0))+IF((C107="2+"),2.5,0))+IF((C107=3),3,0))+IF((C107="3+"),3.5,0) -> 0 | T107: =Interview!$B$188 -> Operations | U107: =Interview!$B$203 -> Environment Management | V107: 0 | W107: 0 | X107: 0 | Y107: 0 | Z107: =C107 -> 0
A108: =Interview!$B$188 -> Operations | B108: =Interview!$B$217 -> Operational Management | C108: =Roadmap!Y148 -> 0 | D108: =Roadmap!X148 -> 0 | E108: =Roadmap!X149 -> 0 | F108: =Roadmap!X150 -> 0 | G108: =(((((IF((C108="0+"),0.5,0)+IF((C108=1),1,0))+IF((C108="1+"),1.5,0))+IF((C108=2),2,0))+IF((C108="2+"),2.5,0))+IF((C108=3),3,0))+IF((C108="3+"),3.5,0) -> 0 | T108: =Interview!$B$188 -> Operations | U108: =Interview!$B$217 -> Operational Management | V108: 0 | W108: 0 | X108: 0 | Y108: 0 | Z108: =C108 -> 0

Sheet Roadmap
B1: =CONCATENATE("SAMM Assessment Interview: ",D11," For ",D10) -> SAMM Assessment Interview: For
B3: Instructions
B4: Interview an individual based on the questions below organized according to SAMM Business Functions and Security Practices.
B5: Select the best answer from the multiple choice drop down selections in the answer column.
B6: Document additional information such as how and why in the "Interview Notes" column.
B7: The formulas in hidden columns F-H will calculate the scores and update the Rating boxes and other worksheets as needed.
B8: Once the interview is complete, go to the "Scorecard" sheet and follow instructions.
B10: Organization: | D10: =IF(ISBLANK(Interview!D10),"",Interview!D10)
B11: Team/Application: | D11: =IF(ISBLANK(Interview!D11),"",Interview!D11)
B12: Interview Date: | D12: =IF(ISBLANK(Interview!D12),"",Interview!D12)
B13: Team Lead: | D13: =IF(ISBLANK(Interview!D13),"",Interview!D13)
A14: =IF(A15=A16,"OK","Problem") -> OK | B14: Contributors: | D14: =IF(ISBLANK(Interview!D14),"",Interview!D14)
A15: =COUNTA('imp-questions'!A2:A300) -> 90
A16: =COUNTA(A18:A175) -> 90 | B16: Governance | F16: Current | J16: Phase 1 | N16: Phase 2 | R16: Phase 3 | V16: Phase 4
B17: Stream | C17: Level | D17: Strategy & Metrics | F17: Answer | I17: Rating | J17: Answer | M17: Rating | N17: Answer | Q17: Rating | R17: Answer | U17: Rating | V17: Answer | Y17: Rating | Z17: Gap vs Current
A18: =Interview!A18 -> G-SM-A-1-1 | B18: =INDEX('imp-questions'!D:D, MATCH(A18, 'imp-questions'!A:A, 0)) -> Create and Promote | C18: =INDEX('imp-questions'!E:E, MATCH(A18, 'imp-questions'!A:A, 0)) -> 1 | D18: =INDEX('imp-questions'!F:F, MATCH(A18, 'imp-questions'!A:A, 0)) -> Do you understand the enterprise-wide risk appetite for your applications? | E18: =CHAR(65+INDEX('imp-questions'!H:H, MATCH(A18, 'imp-questions'!A:A, 0))) -> N | F18: =IF(ISBLANK(Interview!F18),"",Interview!F18) | G18: =IFERROR(INDEX(INDIRECT("Ans" & E18 & "TBL"), MATCH(F18, INDEX(INDIRECT("Ans" & E18 & "TBL"), 0, 1), 0), 2), 0) -> 0 | H18: =IFERROR(AVERAGE(G18,G22),0) -> 0 | I18: =SUM(H18,H19,H20) -> 0 | J18: =F18 | K18: =IFERROR(INDEX(INDIRECT("Ans" & E18 & "TBL"), MATCH(J18, INDEX(INDIRECT("Ans" & E18 & "TBL"), 0, 1), 0), 2), 0) -> 0 | L18: =IFERROR(AVERAGE(K18,K22),0) -> 0 | M18: =SUM(L18,L19,L20) -> 0 | N18: =J18 | O18: =IFERROR(INDEX(INDIRECT("Ans" & E18 & "TBL"), MATCH(N18, INDEX(INDIRECT("Ans" & E18 & "TBL"), 0, 1), 0), 2), 0) -> 0 | P18: =IFERROR(AVERAGE(O18,O22),0) -> 0 | Q18: =SUM(P18,P19,P20) -> 0 | R18: =N18 | S18: =IFERROR(INDEX(INDIRECT("Ans" & E18 & "TBL"), MATCH(R18, INDEX(INDIRECT("Ans" & E18 & "TBL"), 0, 1), 0), 2), 0) -> 0 | T18: =IFERROR(AVERAGE(S18,S22),0) -> 0 | U18: =SUM(T18,T19,T20) -> 0 | V18: =R18 | W18: =IFERROR(INDEX(INDIRECT("Ans" & E18 & "TBL"), MATCH(V18, INDEX(INDIRECT("Ans" & E18 & "TBL"), 0, 1), 0), 2), 0) -> 0 | X18: =IFERROR(AVERAGE(W18,W22),0) -> 0 | Y18: =SUM(X18,X19,X20) -> 0 | Z18: =IFERROR(Y18-I18,Y18-LEFT(I18,1)) -> 0
A19: =Interview!A20 -> G-SM-A-2-1 | C19: =INDEX('imp-questions'!E:E, MATCH(A19, 'imp-questions'!A:A, 0)) -> 2 | D19: =INDEX('imp-questions'!F:F, MATCH(A19, 'imp-questions'!A:A, 0)) -> Do you have a strategic plan for application security and use it to make decisions? | E19: =CHAR(65+INDEX('imp-questions'!H:H, MATCH(A19, 'imp-questions'!A:A, 0))) -> O | F19: =IF(ISBLANK(Interview!F20),"",Interview!F20) | G19: =IFERROR(INDEX(INDIRECT("Ans" & E19 & "TBL"), MATCH(F19, INDEX(INDIRECT("Ans" & E19 & "TBL"), 0, 1), 0), 2), 0) -> 0 | H19: =IFERROR(AVERAGE(G19,G23),0) -> 0 | J19: =F19 | K19: =IFERROR(INDEX(INDIRECT("Ans" & E19 & "TBL"), MATCH(J19, INDEX(INDIRECT("Ans" & E19 & "TBL"), 0, 1), 0), 2), 0) -> 0 | L19: =IFERROR(AVERAGE(K19,K23),0) -> 0 | N19: =J19 | O19: =IFERROR(INDEX(INDIRECT("Ans" & E19 & "TBL"), MATCH(N19, INDEX(INDIRECT("Ans" & E19 & "TBL"), 0, 1), 0), 2), 0) -> 0 | P19: =IFERROR(AVERAGE(O19,O23),0) -> 0 | R19: =N19 | S19: =IFERROR(INDEX(INDIRECT("Ans" & E19 & "TBL"), MATCH(R19, INDEX(INDIRECT("Ans" & E19 & "TBL"), 0, 1), 0), 2), 0) -> 0 | T19: =IFERROR(AVERAGE(S19,S23),0) -> 0 | V19: =R19 | W19: =IFERROR(INDEX(INDIRECT("Ans" & E19 & "TBL"), MATCH(V19, INDEX(INDIRECT("Ans" & E19 & "TBL"), 0, 1), 0), 2), 0) -> 0 | X19: =IFERROR(AVERAGE(W19,W23),0) -> 0
A20: =Interview!A22 -> G-SM-A-3-1 | C20: =INDEX('imp-questions'!E:E, MATCH(A20, 'imp-questions'!A:A, 0)) -> 3 | D20: =INDEX('imp-questions'!F:F, MATCH(A20, 'imp-questions'!A:A, 0)) -> Do you regularly review and update the Strategic Plan for Application Security? | E20: =CHAR(65+INDEX('imp-questions'!H:H, MATCH(A20, 'imp-questions'!A:A, 0))) -> P | F20: =IF(ISBLANK(Interview!F22),"",Interview!F22) | G20: =IFERROR(INDEX(INDIRECT("Ans" & E20 & "TBL"), MATCH(F20, INDEX(INDIRECT("Ans" & E20 & "TBL"), 0, 1), 0), 2), 0) -> 0 | H20: =IFERROR(AVERAGE(G20,G24),0) -> 0 | J20: =F20 | K20: =IFERROR(INDEX(INDIRECT("Ans" & E20 & "TBL"), MATCH(J20, INDEX(INDIRECT("Ans" & E20 & "TBL"), 0, 1), 0), 2), 0) -> 0 | L20: =IFERROR(AVERAGE(K20,K24),0) -> 0 | N20: =J20 | O20: =IFERROR(INDEX(INDIRECT("Ans" & E20 & "TBL"), MATCH(N20, INDEX(INDIRECT("Ans" & E20 & "TBL"), 0, 1), 0), 2), 0) -> 0 | P20: =IFERROR(AVERAGE(O20,O24),0) -> 0 | R20: =N20 | S20: =IFERROR(INDEX(INDIRECT("Ans" & E20 & "TBL"), MATCH(R20, INDEX(INDIRECT("Ans" & E20 & "TBL"), 0, 1), 0), 2), 0) -> 0 | T20: =IFERROR(AVERAGE(S20,S24),0) -> 0 | V20: =R20 | W20: =IFERROR(INDEX(INDIRECT("Ans" & E20 & "TBL"), MATCH(V20, INDEX(INDIRECT("Ans" & E20 & "TBL"), 0, 1), 0), 2), 0) -> 0 | X20: =IFERROR(AVERAGE(W20,W24),0) -> 0
A22: =Interview!A25 -> G-SM-B-1-1 | B22: =INDEX('imp-questions'!D:D, MATCH(A22, 'imp-questions'!A:A, 0)) -> Measure and Improve | C22: =INDEX('imp-questions'!E:E, MATCH(A22, 'imp-questions'!A:A, 0)) -> 1 | D22: =INDEX('imp-questions'!F:F, MATCH(A22, 'imp-questions'!A:A, 0)) -> Do you use a set of metrics to measure the effectiveness and efficiency of the application security program across applications? | E22: =CHAR(65+INDEX('imp-questions'!H:H, MATCH(A22, 'imp-questions'!A:A, 0))) -> Q | F22: =IF(ISBLANK(Interview!F25),"",Interview!F25) | G22: =IFERROR(INDEX(INDIRECT("Ans" & E22 & "TBL"), MATCH(F22, INDEX(INDIRECT("Ans" & E22 & "TBL"), 0, 1), 0), 2), 0) -> 0 | J22: =F22 | K22: =IFERROR(INDEX(INDIRECT("Ans" & E22 & "TBL"), MATCH(J22, INDEX(INDIRECT("Ans" & E22 & "TBL"), 0, 1), 0), 2), 0) -> 0 | N22: =J22 | O22: =IFERROR(INDEX(INDIRECT("Ans" & E22 & "TBL"), MATCH(N22, INDEX(INDIRECT("Ans" & E22 & "TBL"), 0, 1), 0), 2), 0) -> 0 | R22: =N22 | S22: =IFERROR(INDEX(INDIRECT("Ans" & E22 & "TBL"), MATCH(R22, INDEX(INDIRECT("Ans" & E22 & "TBL"), 0, 1), 0), 2), 0) -> 0 | V22: =R22 | W22: =IFERROR(INDEX(INDIRECT("Ans" & E22 & "TBL"), MATCH(V22, INDEX(INDIRECT("Ans" & E22 & "TBL"), 0, 1), 0), 2), 0) -> 0
A23: =Interview!A27 -> G-SM-B-2-1 | C23: =INDEX('imp-questions'!E:E, MATCH(A23, 'imp-questions'!A:A, 0)) -> 2 | D23: =INDEX('imp-questions'!F:F, MATCH(A23, 'imp-questions'!A:A, 0)) -> Did you define Key Performance Indicators (KPI) from available application security metrics? | E23: =CHAR(65+INDEX('imp-questions'!H:H, MATCH(A23, 'imp-questions'!A:A, 0))) -> S | F23: =IF(ISBLANK(Interview!F27),"",Interview!F27) | G23: =IFERROR(INDEX(INDIRECT("Ans" & E23 & "TBL"), MATCH(F23, INDEX(INDIRECT("Ans" & E23 & "TBL"), 0, 1), 0), 2), 0) -> 0 | J23: =F23 | K23: =IFERROR(INDEX(INDIRECT("Ans" & E23 & "TBL"), MATCH(J23, INDEX(INDIRECT("Ans" & E23 & "TBL"), 0, 1), 0), 2), 0) -> 0 | N23: =J23 | O23: =IFERROR(INDEX(INDIRECT("Ans" & E23 & "TBL"), MATCH(N23, INDEX(INDIRECT("Ans" & E23 & "TBL"), 0, 1), 0), 2), 0) -> 0 | R23: =N23 | S23: =IFERROR(INDEX(INDIRECT("Ans" & E23 & "TBL"), MATCH(R23, INDEX(INDIRECT("Ans" & E23 & "TBL"), 0, 1), 0), 2), 0) -> 0 | V23: =R23 | W23: =IFERROR(INDEX(INDIRECT("Ans" & E23 & "TBL"), MATCH(V23, INDEX(INDIRECT("Ans" & E23 & "TBL"), 0, 1), 0), 2), 0) -> 0
A24: =Interview!A29 -> G-SM-B-3-1 | C24: =INDEX('imp-questions'!E:E, MATCH(A24, 'imp-questions'!A:A, 0)) -> 3 | D24: =INDEX('imp-questions'!F:F, MATCH(A24, 'imp-questions'!A:A, 0)) -> Do you update the Application Security strategy and roadmap based on application security metrics and KPIs? | E24: =CHAR(65+INDEX('imp-questions'!H:H, MATCH(A24, 'imp-questions'!A:A, 0))) -> P | F24: =IF(ISBLANK(Interview!F29),"",Interview!F29) | G24: =IFERROR(INDEX(INDIRECT("Ans" & E24 & "TBL"), MATCH(F24, INDEX(INDIRECT("Ans" & E24 & "TBL"), 0, 1), 0), 2), 0) -> 0 | J24: =F24 | K24: =IFERROR(INDEX(INDIRECT("Ans" & E24 & "TBL"), MATCH(J24, INDEX(INDIRECT("Ans" & E24 & "TBL"), 0, 1), 0), 2), 0) -> 0 | N24: =J24 | O24: =IFERROR(INDEX(INDIRECT("Ans" & E24 & "TBL"), MATCH(N24, INDEX(INDIRECT("Ans" & E24 & "TBL"), 0, 1), 0), 2), 0) -> 0 | R24: =N24 | S24: =IFERROR(INDEX(INDIRECT("Ans" & E24 & "TBL"), MATCH(R24, INDEX(INDIRECT("Ans" & E24 & "TBL"), 0, 1), 0), 2), 0) -> 0 | V24: =R24 | W24: =IFERROR(INDEX(INDIRECT("Ans" & E24 & "TBL"), MATCH(V24, INDEX(INDIRECT("Ans" & E24 & "TBL"), 0, 1), 0), 2), 0) -> 0
B26: Stream | C26: Level | D26: Policy & Compliance | F26: Answer | I26: Rating | J26: Answer | M26: Rating | N26: Answer | Q26: Rating | R26: Answer | U26: Rating | V26: Answer | Y26: Rating | Z26: Gap vs Current
A27: =Interview!A32 -> G-PC-A-1-1 | B27: =INDEX('imp-questions'!D:D, MATCH(A27, 'imp-questions'!A:A, 0)) -> Policy and Standards | C27: =INDEX('imp-questions'!E:E, MATCH(A27, 'imp-questions'!A:A, 0)) -> 1 | D27: =INDEX('imp-questions'!F:F, MATCH(A27, 'imp-questions'!A:A, 0)) -> Do you have and apply a common set of policies and standards throughout your organization? | E27: =CHAR(65+INDEX('imp-questions'!H:H, MATCH(A27, 'imp-questions'!A:A, 0))) -> A | F27: =IF(ISBLANK(Interview!F32),"",Interview!F32) | G27: =IFERROR(INDEX(INDIRECT("Ans" & E27 & "TBL"), MATCH(F27, INDEX(INDIRECT("Ans" & E27 & "TBL"), 0, 1), 0), 2), 0) -> 0 | H27: =IFERROR(AVERAGE(G27,G31),0) -> 0 | I27: =SUM(H27,H28,H29) -> 0 | J27: =F27 | K27: =IFERROR(INDEX(INDIRECT("Ans" & E27 & "TBL"), MATCH(J27, INDEX(INDIRECT("Ans" & E27 & "TBL"), 0, 1), 0), 2), 0) -> 0 | L27: =IFERROR(AVERAGE(K27,K31),0) -> 0 | M27: =SUM(L27,L28,L29) -> 0 | N27: =J27 | O27: =IFERROR(INDEX(INDIRECT("Ans" & E27 & "TBL"), MATCH(N27, INDEX(INDIRECT("Ans" & E27 & "TBL"), 0, 1), 0), 2), 0) -> 0 | P27: =IFERROR(AVERAGE(O27,O31),0) -> 0 | Q27: =SUM(P27,P28,P29) -> 0 | R27: =N27 | S27: =IFERROR(INDEX(INDIRECT("Ans" & E27 & "TBL"), MATCH(R27, INDEX(INDIRECT("Ans" & E27 & "TBL"), 0, 1), 0), 2), 0) -> 0 | T27: =IFERROR(AVERAGE(S27,S31),0) -> 0 | U27: =SUM(T27,T28,T29) -> 0 | V27: =R27 | W27: =IFERROR(INDEX(INDIRECT("Ans" & E27 & "TBL"), MATCH(V27, INDEX(INDIRECT("Ans" & E27 & "TBL"), 0, 1), 0), 2), 0) -> 0 | X27: =IFERROR(AVERAGE(W27,W31),0) -> 0 | Y27: =SUM(X27,X28,X29) -> 0 | Z27: =IFERROR(Y27-I27,Y27-LEFT(I27,1)) -> 0
A28: =Interview!A34 -> G-PC-A-2-1 | C28: =INDEX('imp-questions'!E:E, MATCH(A28, 'imp-questions'!A:A, 0)) -> 2 | D28: =INDEX('imp-questions'!F:F, MATCH(A28, 'imp-questions'!A:A, 0)) -> Do you publish the organization's policies as test scripts or run-books for easy interpretation by development teams? | E28: =CHAR(65+INDEX('imp-questions'!H:H, MATCH(A28, 'imp-questions'!A:A, 0))) -> C | F28: =IF(ISBLANK(Interview!F34),"",Interview!F34) | G28: =IFERROR(INDEX(INDIRECT("Ans" & E28 & "TBL"), MATCH(F28, INDEX(INDIRECT("Ans" & E28 & "TBL"), 0, 1), 0), 2), 0) -> 0 | H28: =IFERROR(AVERAGE(G28,G32),0) -> 0 | J28: =F28 | K28: =IFERROR(INDEX(INDIRECT("Ans" & E28 & "TBL"), MATCH(J28, INDEX(INDIRECT("Ans" & E28 & "TBL"), 0, 1), 0), 2), 0) -> 0 | L28: =IFERROR(AVERAGE(K28,K32),0) -> 0 | N28: =J28 | O28: =IFERROR(INDEX(INDIRECT("Ans" & E28 & "TBL"), MATCH(N28, INDEX(INDIRECT("Ans" & E28 & "TBL"), 0, 1), 0), 2), 0) -> 0 | P28: =IFERROR(AVERAGE(O28,O32),0) -> 0 | R28: =N28 | S28: =IFERROR(INDEX(INDIRECT("Ans" & E28 & "TBL"), MATCH(R28, INDEX(INDIRECT("Ans" & E28 & "TBL"), 0, 1), 0), 2), 0) -> 0 | T28: =IFERROR(AVERAGE(S28,S32),0) -> 0 | V28: =R28 | W28: =IFERROR(INDEX(INDIRECT("Ans" & E28 & "TBL"), MATCH(V28, INDEX(INDIRECT("Ans" & E28 & "TBL"), 0, 1), 0), 2), 0) -> 0 | X28: =IFERROR(AVERAGE(W28,W32),0) -> 0
A29: =Interview!A36 -> G-PC-A-3-1 | C29: =INDEX('imp-questions'!E:E, MATCH(A29, 'imp-questions'!A:A, 0)) -> 3 | D29: =INDEX('imp-questions'!F:F, MATCH(A29, 'imp-questions'!A:A, 0)) -> Do you regularly report on policy and standard compliance, and use that information to guide compliance improvement efforts? | E29: =CHAR(65+INDEX('imp-questions'!H:H, MATCH(A29, 'imp-questions'!A:A, 0))) -> T | F29: =IF(ISBLANK(Interview!F36),"",Interview!F36) | G29: =IFERROR(INDEX(INDIRECT("Ans" & E29 & "TBL"), MATCH(F29, INDEX(INDIRECT("Ans" & E29 & "TBL"), 0, 1), 0), 2), 0) -> 0 | H29: =IFERROR(AVERAGE(G29,G33),0) -> 0 | J29: =F29 | K29: =IFERROR(INDEX(INDIRECT("Ans" & E29 & "TBL"), MATCH(J29, INDEX(INDIRECT("Ans" & E29 & "TBL"), 0, 1), 0), 2), 0) -> 0 | L29: =IFERROR(AVERAGE(K29,K33),0) -> 0 | N29: =J29 | O29: =IFERROR(INDEX(INDIRECT("Ans" & E29 & "TBL"), MATCH(N29, INDEX(INDIRECT("Ans" & E29 & "TBL"), 0, 1), 0), 2), 0) -> 0 | P29: =IFERROR(AVERAGE(O29,O33),0) -> 0 | R29: =N29 | S29: =IFERROR(INDEX(INDIRECT("Ans" & E29 & "TBL"), MATCH(R29, INDEX(INDIRECT("Ans" & E29 & "TBL"), 0, 1), 0), 2), 0) -> 0 | T29: =IFERROR(AVERAGE(S29,S33),0) -> 0 | V29: =R29 | W29: =IFERROR(INDEX(INDIRECT("Ans" & E29 & "TBL"), MATCH(V29, INDEX(INDIRECT("Ans" & E29 & "TBL"), 0, 1), 0), 2), 0) -> 0 | X29: =IFERROR(AVERAGE(W29,W33),0) -> 0
A31: =Interview!A39 -> G-PC-B-1-1 | B31: =INDEX('imp-questions'!D:D, MATCH(A31, 'imp-questions'!A:A, 0)) -> Compliance Management | C31: =INDEX('imp-questions'!E:E, MATCH(A31, 'imp-questions'!A:A, 0)) -> 1 | D31: =INDEX('imp-questions'!F:F, MATCH(A31, 'imp-questions'!A:A, 0)) -> Do you have a complete picture of your external compliance obligations? | E31: =CHAR(65+INDEX('imp-questions'!H:H, MATCH(A31, 'imp-questions'!A:A, 0))) -> A | F31: =IF(ISBLANK(Interview!F39),"",Interview!F39) | G31: =IFERROR(INDEX(INDIRECT("Ans" & E31 & "TBL"), MATCH(F31, INDEX(INDIRECT("Ans" & E31 & "TBL"), 0, 1), 0), 2), 0) -> 0 | J31: =F31 | K31: =IFERROR(INDEX(INDIRECT("Ans" & E31 & "TBL"), MATCH(J31, INDEX(INDIRECT("Ans" & E31 & "TBL"), 0, 1), 0), 2), 0) -> 0 | N31: =J31 | O31: =IFERROR(INDEX(INDIRECT("Ans" & E31 & "TBL"), MATCH(N31, INDEX(INDIRECT("Ans" & E31 & "TBL"), 0, 1), 0), 2), 0) -> 0 | R31: =N31 | S31: =IFERROR(INDEX(INDIRECT("Ans" & E31 & "TBL"), MATCH(R31, INDEX(INDIRECT("Ans" & E31 & "TBL"), 0, 1), 0), 2), 0) -> 0 | V31: =R31 | W31: =IFERROR(INDEX(INDIRECT("Ans" & E31 & "TBL"), MATCH(V31, INDEX(INDIRECT("Ans" & E31 & "TBL"), 0, 1), 0), 2), 0) -> 0
A32: =Interview!A41 -> G-PC-B-2-1 | C32: =INDEX('imp-questions'!E:E, MATCH(A32, 'imp-questions'!A:A, 0)) -> 2 | D32: =INDEX('imp-questions'!F:F, MATCH(A32, 'imp-questions'!A:A, 0)) -> Do you have a standard set of security requirements and verification procedures addressing the organization's external compliance obligations? | E32: =CHAR(65+INDEX('imp-questions'!H:H, MATCH(A32, 'imp-questions'!A:A, 0))) -> U | F32: =IF(ISBLANK(Interview!F41),"",Interview!F41) | G32: =IFERROR(INDEX(INDIRECT("Ans" & E32 & "TBL"), MATCH(F32, INDEX(INDIRECT("Ans" & E32 & "TBL"), 0, 1), 0), 2), 0) -> 0 | J32: =F32 | K32: =IFERROR(INDEX(INDIRECT("Ans" & E32 & "TBL"), MATCH(J32, INDEX(INDIRECT("Ans" & E32 & "TBL"), 0, 1), 0), 2), 0) -> 0 | N32: =J32 | O32: =IFERROR(INDEX(INDIRECT("Ans" & E32 & "TBL"), MATCH(N32, INDEX(INDIRECT("Ans" & E32 & "TBL"), 0, 1), 0), 2), 0) -> 0 | R32: =N32 | S32: =IFERROR(INDEX(INDIRECT("Ans" & E32 & "TBL"), MATCH(R32, INDEX(INDIRECT("Ans" & E32 & "TBL"), 0, 1), 0), 2), 0) -> 0 | V32: =R32 | W32: =IFERROR(INDEX(INDIRECT("Ans" & E32 & "TBL"), MATCH(V32, INDEX(INDIRECT("Ans" & E32 & "TBL"), 0, 1), 0), 2), 0) -> 0
A33: =Interview!A43 -> G-PC-B-3-1 | C33: =INDEX('imp-questions'!E:E, MATCH(A33, 'imp-questions'!A:A, 0)) -> 3 | D33: =INDEX('imp-questions'!F:F, MATCH(A33, 'imp-questions'!A:A, 0)) -> Do you regularly report on adherence to external compliance obligations and use that information to guide efforts to close compliance gaps? | E33: =CHAR(65+INDEX('imp-questions'!H:H, MATCH(A33, 'imp-questions'!A:A, 0))) -> T | F33: =IF(ISBLANK(Interview!F43),"",Interview!F43) | G33: =IFERROR(INDEX(INDIRECT("Ans" & E33 & "TBL"), MATCH(F33, INDEX(INDIRECT("Ans" & E33 & "TBL"), 0, 1), 0), 2), 0) -> 0 | J33: =F33 | K33: =IFERROR(INDEX(INDIRECT("Ans" & E33 & "TBL"), MATCH(J33, INDEX(INDIRECT("Ans" & E33 & "TBL"), 0, 1), 0), 2), 0) -> 0 | N33: =J33 | O33: =IFERROR(INDEX(INDIRECT("Ans" & E33 & "TBL"), MATCH(N33, INDEX(INDIRECT("Ans" & E33 & "TBL"), 0, 1), 0), 2), 0) -> 0 | R33: =N33 | S33: =IFERROR(INDEX(INDIRECT("Ans" & E33 & "TBL"), MATCH(R33, INDEX(INDIRECT("Ans" & E33 & "TBL"), 0, 1), 0), 2), 0) -> 0 | V33: =R33 | W33: =IFERROR(INDEX(INDIRECT("Ans" & E33 & "TBL"), MATCH(V33, INDEX(INDIRECT("Ans" & E33 & "TBL"), 0, 1), 0), 2), 0) -> 0
B35: Stream | C35: Level | D35: Education & Guidance | F35: Answer | I35: Rating | J35: Answer | M35: Rating | N35: Answer | Q35: Rating | R35: Answer | U35: Rating | V35: Answer | Y35: Rating | Z35: Gap vs Current
A36: =Interview!A46 -> G-EG-A-1-1 | B36: =INDEX('imp-questions'!D:D, MATCH(A36, 'imp-questions'!A:A, 0)) -> Training and Awareness | C36: =INDEX('imp-questions'!E:E, MATCH(A36, 'imp-questions'!A:A, 0)) -> 1 | D36: =INDEX('imp-questions'!F:F, MATCH(A36, 'imp-questions'!A:A, 0)) -> Do you require employees involved with application development to take SDLC training? | E36: =CHAR(65+INDEX('imp-questions'!H:H, MATCH(A36, 'imp-questions'!A:A, 0))) -> B | F36: =IF(ISBLANK(Interview!F46),"",Interview!F46) | G36: =IFERROR(INDEX(INDIRECT("Ans" & E36 & "TBL"), MATCH(F36, INDEX(INDIRECT("Ans" & E36 & "TBL"), 0, 1), 0), 2), 0) -> 0 | H36: =IFERROR(AVERAGE(G36,G40),0) -> 0 | I36: =SUM(H36,H37,H38) -> 0 | J36: =F36 | K36: =IFERROR(INDEX(INDIRECT("Ans" & E36 & "TBL"), MATCH(J36, INDEX(INDIRECT("Ans" & E36 & "TBL"), 0, 1), 0), 2), 0) -> 0 | L36: =IFERROR(AVERAGE(K36,K40),0) -> 0 | M36: =SUM(L36,L37,L38) -> 0 | N36: =J36 | O36: =IFERROR(INDEX(INDIRECT("Ans" & E36 & "TBL"), MATCH(N36, INDEX(INDIRECT("Ans" & E36 & "TBL"), 0, 1), 0), 2), 0) -> 0 | P36: =IFERROR(AVERAGE(O36,O40),0) -> 0 | Q36: =SUM(P36,P37,P38) -> 0 | R36: =N36 | S36: =IFERROR(INDEX(INDIRECT("Ans" & E36 & "TBL"), MATCH(R36, INDEX(INDIRECT("Ans" & E36 & "TBL"), 0, 1), 0), 2), 0) -> 0 | T36: =IFERROR(AVERAGE(S36,S40),0) -> 0 | U36: =SUM(T36,T37,T38) -> 0 | V36: =R36 | W36: =IFERROR(INDEX(INDIRECT("Ans" & E36 & "TBL"), MATCH(V36, INDEX(INDIRECT("Ans" & E36 & "TBL"), 0, 1), 0), 2), 0) -> 0 | X36: =IFERROR(AVERAGE(W36,W40),0) -> 0 | Y36: =SUM(X36,X37,X38) -> 0 | Z36: =IFERROR(Y36-I36,Y36-LEFT(I36,1)) -> 0
A37: =Interview!A48 -> G-EG-A-2-1 | C37: =INDEX('imp-questions'!E:E, MATCH(A37, 'imp-questions'!A:A, 0)) -> 2 | D37: =INDEX('imp-questions'!F:F, MATCH(A37, 'imp-questions'!A:A, 0)) -> Is training customized for individual roles such as developers, testers, or security champions? | E37: =CHAR(65+INDEX('imp-questions'!H:H, MATCH(A37, 'imp-questions'!A:A, 0))) -> D | F37: =IF(ISBLANK(Interview!F48),"",Interview!F48) | G37: =IFERROR(INDEX(INDIRECT("Ans" & E37 & "TBL"), MATCH(F37, INDEX(INDIRECT("Ans" & E37 & "TBL"), 0, 1), 0), 2), 0) -> 0 | H37: =IFERROR(AVERAGE(G37,G41),0) -> 0 | J37: =F37 | K37: =IFERROR(INDEX(INDIRECT("Ans" & E37 & "TBL"), MATCH(J37, INDEX(INDIRECT("Ans" & E37 & "TBL"), 0, 1), 0), 2), 0) -> 0 | L37: =IFERROR(AVERAGE(K37,K41),0) -> 0 | N37: =J37 | O37: =IFERROR(INDEX(INDIRECT("Ans" & E37 & "TBL"), MATCH(N37, INDEX(INDIRECT("Ans" & E37 & "TBL"), 0, 1), 0), 2), 0) -> 0 | P37: =IFERROR(AVERAGE(O37,O41),0) -> 0 | R37: =N37 | S37: =IFERROR(INDEX(INDIRECT("Ans" & E37 & "TBL"), MATCH(R37, INDEX(INDIRECT("Ans" & E37 & "TBL"), 0, 1), 0), 2), 0) -> 0 | T37: =IFERROR(AVERAGE(S37,S41),0) -> 0 | V37: =R37 | W37: =IFERROR(INDEX(INDIRECT("Ans" & E37 & "TBL"), MATCH(V37, INDEX(INDIRECT("Ans" & E37 & "TBL"), 0, 1), 0), 2), 0) -> 0 | X37: =IFERROR(AVERAGE(W37,W41),0) -> 0
A38: =Interview!A50 -> G-EG-A-3-1 | C38: =INDEX('imp-questions'!E:E, MATCH(A38, 'imp-questions'!A:A, 0)) -> 3 | D38: =INDEX('imp-questions'!F:F, MATCH(A38, 'imp-questions'!A:A, 0)) -> Have you implemented a Learning Management System or equivalent to track employee training and certification processes? | E38: =CHAR(65+INDEX('imp-questions'!H:H, MATCH(A38, 'imp-questions'!A:A, 0))) -> D | F38: =IF(ISBLANK(Interview!F50),"",Interview!F50) | G38: =IFERROR(INDEX(INDIRECT("Ans" & E38 & "TBL"), MATCH(F38, INDEX(INDIRECT("Ans" & E38 & "TBL"), 0, 1), 0), 2), 0) -> 0 | H38: =IFERROR(AVERAGE(G38,G42),0) -> 0 | J38: =F38 | K38: =IFERROR(INDEX(INDIRECT("Ans" & E38 & "TBL"), MATCH(J38, INDEX(INDIRECT("Ans" & E38 & "TBL"), 0, 1), 0), 2), 0) -> 0 | L38: =IFERROR(AVERAGE(K38,K42),0) -> 0 | N38: =J38 | O38: =IFERROR(INDEX(INDIRECT("Ans" & E38 & "TBL"), MATCH(N38, INDEX(INDIRECT("Ans" & E38 & "TBL"), 0, 1), 0), 2), 0) -> 0 | P38: =IFERROR(AVERAGE(O38,O42),0) -> 0 | R38: =N38 | S38: =IFERROR(INDEX(INDIRECT("Ans" & E38 & "TBL"), MATCH(R38, INDEX(INDIRECT("Ans" & E38 & "TBL"), 0, 1), 0), 2), 0) -> 0 | T38: =IFERROR(AVERAGE(S38,S42),0) -> 0 | V38: =R38 | W38: =IFERROR(INDEX(INDIRECT("Ans" & E38 & "TBL"), MATCH(V38, INDEX(INDIRECT("Ans" & E38 & "TBL"), 0, 1), 0), 2), 0) -> 0 | X38: =IFERROR(AVERAGE(W38,W42),0) -> 0
A40: =Interview!A53 -> G-EG-B-1-1 | B40: =INDEX('imp-questions'!D:D, MATCH(A40, 'imp-questions'!A:A, 0)) -> Organization and Culture | C40: =INDEX('imp-questions'!E:E, MATCH(A40, 'imp-questions'!A:A, 0)) -> 1 | D40: =INDEX('imp-questions'!F:F, MATCH(A40, 'imp-questions'!A:A, 0)) -> Have you identified a Security Champion for each development team? | E40: =CHAR(65+INDEX('imp-questions'!H:H, MATCH(A40, 'imp-questions'!A:A, 0))) -> V | F40: =IF(ISBLANK(Interview!F53),"",Interview!F53) | G40: =IFERROR(INDEX(INDIRECT("Ans" & E40 & "TBL"), MATCH(F40, INDEX(INDIRECT("Ans" & E40 & "TBL"), 0, 1), 0), 2), 0) -> 0 | J40: =F40 | K40: =IFERROR(INDEX(INDIRECT("Ans" & E40 & "TBL"), MATCH(J40, INDEX(INDIRECT("Ans" & E40 & "TBL"), 0, 1), 0), 2), 0) -> 0 | N40: =J40 | O40: =IFERROR(INDEX(INDIRECT("Ans" & E40 & "TBL"), MATCH(N40, INDEX(INDIRECT("Ans" & E40 & "TBL"), 0, 1), 0), 2), 0) -> 0 | R40: =N40 | S40: =IFERROR(INDEX(INDIRECT("Ans" & E40 & "TBL"), MATCH(R40, INDEX(INDIRECT("Ans" & E40 & "TBL"), 0, 1), 0), 2), 0) -> 0 | V40: =R40 | W40: =IFERROR(INDEX(INDIRECT("Ans" & E40 & "TBL"), MATCH(V40, INDEX(INDIRECT("Ans" & E40 & "TBL"), 0, 1), 0), 2), 0) -> 0
A41: =Interview!A55 -> G-EG-B-2-1 | C41: =INDEX('imp-questions'!E:E, MATCH(A41, 'imp-questions'!A:A, 0)) -> 2 | D41: =INDEX('imp-questions'!F:F, MATCH(A41, 'imp-questions'!A:A, 0)) -> Does the organization have a Secure Software Center of Excellence (SSCE)? | E41: =CHAR(65+INDEX('imp-questions'!H:H, MATCH(A41, 'imp-questions'!A:A, 0))) -> F | F41: =IF(ISBLANK(Interview!F55),"",Interview!F55) | G41: =IFERROR(INDEX(INDIRECT("Ans" & E41 & "TBL"), MATCH(F41, INDEX(INDIRECT("Ans" & E41 & "TBL"), 0, 1), 0), 2), 0) -> 0 | J41: =F41 | K41: =IFERROR(INDEX(INDIRECT("Ans" & E41 & "TBL"), MATCH(J41, INDEX(INDIRECT("Ans" & E41 & "TBL"), 0, 1), 0), 2), 0) -> 0 | N41: =J41 | O41: =IFERROR(INDEX(INDIRECT("Ans" & E41 & "TBL"), MATCH(N41, INDEX(INDIRECT("Ans" & E41 & "TBL"), 0, 1), 0), 2), 0) -> 0 | R41: =N41 | S41: =IFERROR(INDEX(INDIRECT("Ans" & E41 & "TBL"), MATCH(R41, INDEX(INDIRECT("Ans" & E41 & "TBL"), 0, 1), 0), 2), 0) -> 0 | V41: =R41 | W41: =IFERROR(INDEX(INDIRECT("Ans" & E41 & "TBL"), MATCH(V41, INDEX(INDIRECT("Ans" & E41 & "TBL"), 0, 1), 0), 2), 0) -> 0
A42: =Interview!A57 -> G-EG-B-3-1 | C42: =INDEX('imp-questions'!E:E, MATCH(A42, 'imp-questions'!A:A, 0)) -> 3 | D42: =INDEX('imp-questions'!F:F, MATCH(A42, 'imp-questions'!A:A, 0)) -> Is there a centralized portal where developers and application security professionals from different teams and business units are able to communicate and share information? | E42: =CHAR(65+INDEX('imp-questions'!H:H, MATCH(A42, 'imp-questions'!A:A, 0))) -> F | F42: =IF(ISBLANK(Interview!F57),"",Interview!F57) | G42: =IFERROR(INDEX(INDIRECT("Ans" & E42 & "TBL"), MATCH(F42, INDEX(INDIRECT("Ans" & E42 & "TBL"), 0, 1), 0), 2), 0) -> 0 | J42: =F42 | K42: =IFERROR(INDEX(INDIRECT("Ans" & E42 & "TBL"), MATCH(J42, INDEX(INDIRECT("Ans" & E42 & "TBL"), 0, 1), 0), 2), 0) -> 0 | N42: =J42 | O42: =IFERROR(INDEX(INDIRECT("Ans" & E42 & "TBL"), MATCH(N42, INDEX(INDIRECT("Ans" & E42 & "TBL"), 0, 1), 0), 2), 0) -> 0 | R42: =N42 | S42: =IFERROR(INDEX(INDIRECT("Ans" & E42 & "TBL"), MATCH(R42, INDEX(INDIRECT("Ans" & E42 & "TBL"), 0, 1), 0), 2), 0) -> 0 | V42: =R42 | W42: =IFERROR(INDEX(INDIRECT("Ans" & E42 & "TBL"), MATCH(V42, INDEX(INDIRECT("Ans" & E42 & "TBL"), 0, 1), 0), 2), 0) -> 0
B44: Design | F44: Current | J44: Phase 1 | N44: Phase 2 | R44: Phase 3 | V44: Phase 4
B45: Stream | C45: Level | D45: Threat Assessment | F45: Answer | I45: Rating | J45: Answer | M45: Rating | N45: Answer | Q45: Rating | R45: Answer | U45: Rating | V45: Answer | Y45: Rating | Z45: Gap vs Current
A46: =Interview!A61 -> D-TA-A-1-1 | B46: =INDEX('imp-questions'!D:D, MATCH(A46, 'imp-questions'!A:A, 0)) -> Application Risk Profile | C46: =INDEX('imp-questions'!E:E, MATCH(A46, 'imp-questions'!A:A, 0)) -> 1 | D46: =INDEX('imp-questions'!F:F, MATCH(A46, 'imp-questions'!A:A, 0)) -> Do you classify applications according to business risk based on a simple and predefined set of questions? | E46: =CHAR(65+INDEX('imp-questions'!H:H, MATCH(A46, 'imp-questions'!A:A, 0))) -> B | F46: =IF(ISBLANK(Interview!F61),"",Interview!F61) | G46: =IFERROR(INDEX(INDIRECT("Ans" & E46 & "TBL"), MATCH(F46, INDEX(INDIRECT("Ans" & E46 & "TBL"), 0, 1), 0), 2), 0) -> 0 | H46: =IFERROR(AVERAGE(G46,G50),0) -> 0 | I46: =SUM(H46:H48) -> 0 | J46: =F46 | K46: =IFERROR(INDEX(INDIRECT("Ans" & E46 & "TBL"), MATCH(J46, INDEX(INDIRECT("Ans" & E46 & "TBL"), 0, 1), 0), 2), 0) -> 0 | L46: =IFERROR(AVERAGE(K46,K50),0) -> 0 | M46: =SUM(L46:L48) -> 0 | N46: =J46 | O46: =IFERROR(INDEX(INDIRECT("Ans" & E46 & "TBL"), MATCH(N46, INDEX(INDIRECT("Ans" & E46 & "TBL"), 0, 1), 0), 2), 0) -> 0 | P46: =IFERROR(AVERAGE(O46,O50),0) -> 0 | Q46: =SUM(P46:P48) -> 0 | R46: =N46 | S46: =IFERROR(INDEX(INDIRECT("Ans" & E46 & "TBL"), MATCH(R46, INDEX(INDIRECT("Ans" & E46 & "TBL"), 0, 1), 0), 2), 0) -> 0 | T46: =IFERROR(AVERAGE(S46,S50),0) -> 0 | U46: =SUM(T46:T48) -> 0 | V46: =R46 | W46: =IFERROR(INDEX(INDIRECT("Ans" & E46 & "TBL"), MATCH(V46, INDEX(INDIRECT("Ans" & E46 & "TBL"), 0, 1), 0), 2), 0) -> 0 | X46: =IFERROR(AVERAGE(W46,W50),0) -> 0 | Y46: =SUM(X46:X48) -> 0 | Z46: =IFERROR(Y46-I46,Y46-LEFT(I46,1)) -> 0
A47: =Interview!A63 -> D-TA-A-2-1 | C47: =INDEX('imp-questions'!E:E, MATCH(A47, 'imp-questions'!A:A, 0)) -> 2 | D47: =INDEX('imp-questions'!F:F, MATCH(A47, 'imp-questions'!A:A, 0)) -> Do you use centralized and quantified application risk profiles to evaluate business risk? | E47: =CHAR(65+INDEX('imp-questions'!H:H, MATCH(A47, 'imp-questions'!A:A, 0))) -> A | F47: =IF(ISBLANK(Interview!F63),"",Interview!F63) | G47: =IFERROR(INDEX(INDIRECT("Ans" & E47 & "TBL"), MATCH(F47, INDEX(INDIRECT("Ans" & E47 & "TBL"), 0, 1), 0), 2), 0) -> 0 | H47: =IFERROR(AVERAGE(G47,G51),0) -> 0 | J47: =F47 | K47: =IFERROR(INDEX(INDIRECT("Ans" & E47 & "TBL"), MATCH(J47, INDEX(INDIRECT("Ans" & E47 & "TBL"), 0, 1), 0), 2), 0) -> 0 | L47: =IFERROR(AVERAGE(K47,K51),0) -> 0 | N47: =J47 | O47: =IFERROR(INDEX(INDIRECT("Ans" & E47 & "TBL"), MATCH(N47, INDEX(INDIRECT("Ans" & E47 & "TBL"), 0, 1), 0), 2), 0) -> 0 | P47: =IFERROR(AVERAGE(O47,O51),0) -> 0 | R47: =N47 | S47: =IFERROR(INDEX(INDIRECT("Ans" & E47 & "TBL"), MATCH(R47, INDEX(INDIRECT("Ans" & E47 & "TBL"), 0, 1), 0), 2), 0) -> 0 | T47: =IFERROR(AVERAGE(S47,S51),0) -> 0 | V47: =R47 | W47: =IFERROR(INDEX(INDIRECT("Ans" & E47 & "TBL"), MATCH(V47, INDEX(INDIRECT("Ans" & E47 & "TBL"), 0, 1), 0), 2), 0) -> 0 | X47: =IFERROR(AVERAGE(W47,W51),0) -> 0
A48: =Interview!A65 -> D-TA-A-3-1 | C48: =INDEX('imp-questions'!E:E, MATCH(A48, 'imp-questions'!A:A, 0)) -> 3 | D48: =INDEX('imp-questions'!F:F, MATCH(A48, 'imp-questions'!A:A, 0)) -> Do you regularly review and update the risk profiles for your applications? | E48: =CHAR(65+INDEX('imp-questions'!H:H, MATCH(A48, 'imp-questions'!A:A, 0))) -> R | F48: =IF(ISBLANK(Interview!F65),"",Interview!F65) | G48: =IFERROR(INDEX(INDIRECT("Ans" & E48 & "TBL"), MATCH(F48, INDEX(INDIRECT("Ans" & E48 & "TBL"), 0, 1), 0), 2), 0) -> 0 | H48: =IFERROR(AVERAGE(G48,G52),0) -> 0 | J48: =F48 | K48: =IFERROR(INDEX(INDIRECT("Ans" & E48 & "TBL"), MATCH(J48, INDEX(INDIRECT("Ans" & E48 & "TBL"), 0, 1), 0), 2), 0) -> 0 | L48: =IFERROR(AVERAGE(K48,K52),0) -> 0 | N48: =J48 | O48: =IFERROR(INDEX(INDIRECT("Ans" & E48 & "TBL"), MATCH(N48, INDEX(INDIRECT("Ans" & E48 & "TBL"), 0, 1), 0), 2), 0) -> 0 | P48: =IFERROR(AVERAGE(O48,O52),0) -> 0 | R48: =N48 | S48: =IFERROR(INDEX(INDIRECT("Ans" & E48 & "TBL"), MATCH(R48, INDEX(INDIRECT("Ans" & E48 & "TBL"), 0, 1), 0), 2), 0) -> 0 | T48: =IFERROR(AVERAGE(S48,S52),0) -> 0 | V48: =R48 | W48: =IFERROR(INDEX(INDIRECT("Ans" & E48 & "TBL"), MATCH(V48, INDEX(INDIRECT("Ans" & E48 & "TBL"), 0, 1), 0), 2), 0) -> 0 | X48: =IFERROR(AVERAGE(W48,W52),0) -> 0
A50: =Interview!A68 -> D-TA-B-1-1 | B50: =INDEX('imp-questions'!D:D, MATCH(A50, 'imp-questions'!A:A, 0)) -> Threat Modeling | C50: =INDEX('imp-questions'!E:E, MATCH(A50, 'imp-questions'!A:A, 0)) -> 1 | D50: =INDEX('imp-questions'!F:F, MATCH(A50, 'imp-questions'!A:A, 0)) -> Do you identify and manage architectural design flaws with threat modeling? | E50: =CHAR(65+INDEX('imp-questions'!H:H, MATCH(A50, 'imp-questions'!A:A, 0))) -> B | F50: =IF(ISBLANK(Interview!F68),"",Interview!F68) | G50: =IFERROR(INDEX(INDIRECT("Ans" & E50 & "TBL"), MATCH(F50, INDEX(INDIRECT("Ans" & E50 & "TBL"), 0, 1), 0), 2), 0) -> 0 | J50: =F50 | K50: =IFERROR(INDEX(INDIRECT("Ans" & E50 & "TBL"), MATCH(J50, INDEX(INDIRECT("Ans" & E50 & "TBL"), 0, 1), 0), 2), 0) -> 0 | N50: =J50 | O50: =IFERROR(INDEX(INDIRECT("Ans" & E50 & "TBL"), MATCH(N50, INDEX(INDIRECT("Ans" & E50 & "TBL"), 0, 1), 0), 2), 0) -> 0 | R50: =N50 | S50: =IFERROR(INDEX(INDIRECT("Ans" & E50 & "TBL"), MATCH(R50, INDEX(INDIRECT("Ans" & E50 & "TBL"), 0, 1), 0), 2), 0) -> 0 | V50: =R50 | W50: =IFERROR(INDEX(INDIRECT("Ans" & E50 & "TBL"), MATCH(V50, INDEX(INDIRECT("Ans" & E50 & "TBL"), 0, 1), 0), 2), 0) -> 0
A51: =Interview!A70 -> D-TA-B-2-1 | C51: =INDEX('imp-questions'!E:E, MATCH(A51, 'imp-questions'!A:A, 0)) -> 2 | D51: =INDEX('imp-questions'!F:F, MATCH(A51, 'imp-questions'!A:A, 0)) -> Do you use a standard methodology, aligned with your application risk levels? | E51: =CHAR(65+INDEX('imp-questions'!H:H, MATCH(A51, 'imp-questions'!A:A, 0))) -> A | F51: =IF(ISBLANK(Interview!F70),"",Interview!F70) | G51: =IFERROR(INDEX(INDIRECT("Ans" & E51 & "TBL"), MATCH(F51, INDEX(INDIRECT("Ans" & E51 & "TBL"), 0, 1), 0), 2), 0) -> 0 | J51: =F51 | K51: =IFERROR(INDEX(INDIRECT("Ans" & E51 & "TBL"), MATCH(J51, INDEX(INDIRECT("Ans" & E51 & "TBL"), 0, 1), 0), 2), 0) -> 0 | N51: =J51 | O51: =IFERROR(INDEX(INDIRECT("Ans" & E51 & "TBL"), MATCH(N51, INDEX(INDIRECT("Ans" & E51 & "TBL"), 0, 1), 0), 2), 0) -> 0 | R51: =N51 | S51: =IFERROR(INDEX(INDIRECT("Ans" & E51 & "TBL"), MATCH(R51, INDEX(INDIRECT("Ans" & E51 & "TBL"), 0, 1), 0), 2), 0) -> 0 | V51: =R51 | W51: =IFERROR(INDEX(INDIRECT("Ans" & E51 & "TBL"), MATCH(V51, INDEX(INDIRECT("Ans" & E51 & "TBL"), 0, 1), 0), 2), 0) -> 0
A52: =Interview!A72 -> D-TA-B-3-1 | C52: =INDEX('imp-questions'!E:E, MATCH(A52, 'imp-questions'!A:A, 0)) -> 3 | D52: =INDEX('imp-questions'!F:F, MATCH(A52, 'imp-questions'!A:A, 0)) -> Do you regularly review and update the threat modeling methodology for your applications? | E52: =CHAR(65+INDEX('imp-questions'!H:H, MATCH(A52, 'imp-questions'!A:A, 0))) -> P | F52: =IF(ISBLANK(Interview!F72),"",Interview!F72) | G52: =IFERROR(INDEX(INDIRECT("Ans" & E52 & "TBL"), MATCH(F52, INDEX(INDIRECT("Ans" & E52 & "TBL"), 0, 1), 0), 2), 0) -> 0 | J52: =F52 | K52: =IFERROR(INDEX(INDIRECT("Ans" & E52 & "TBL"), MATCH(J52, INDEX(INDIRECT("Ans" & E52 & "TBL"), 0, 1), 0), 2), 0) -> 0 | N52: =J52 | O52: =IFERROR(INDEX(INDIRECT("Ans" & E52 & "TBL"), MATCH(N52, INDEX(INDIRECT("Ans" & E52 & "TBL"), 0, 1), 0), 2), 0) -> 0 | R52: =N52 | S52: =IFERROR(INDEX(INDIRECT("Ans" & E52 & "TBL"), MATCH(R52, INDEX(INDIRECT("Ans" & E52 & "TBL"), 0, 1), 0), 2), 0) -> 0 | V52: =R52 | W52: =IFERROR(INDEX(INDIRECT("Ans" & E52 & "TBL"), MATCH(V52, INDEX(INDIRECT("Ans" & E52 & "TBL"), 0, 1), 0), 2), 0) -> 0
B54: Stream | C54: Level | D54: Security Requirements | F54: Answer | I54: Rating | J54: Answer | M54: Rating | N54: Answer | Q54: Rating | R54: Answer | U54: Rating | V54: Answer | Y54: Rating | Z54: Gap vs Current
A55: =Interview!A75 -> D-SR-A-1-1 | B55: =INDEX('imp-questions'!D:D, MATCH(A55, 'imp-questions'!A:A, 0)) -> Software Requirements | C55: =INDEX('imp-questions'!E:E, MATCH(A55, 'imp-questions'!A:A, 0)) -> 1 | D55: =INDEX('imp-questions'!F:F, MATCH(A55, 'imp-questions'!A:A, 0)) -> Do project teams specify security requirements during development? | E55: =CHAR(65+INDEX('imp-questions'!H:H, MATCH(A55, 'imp-questions'!A:A, 0))) -> A | F55: =IF(ISBLANK(Interview!F75),"",Interview!F75) | G55: =IFERROR(INDEX(INDIRECT("Ans" & E55 & "TBL"), MATCH(F55, INDEX(INDIRECT("Ans" & E55 & "TBL"), 0, 1), 0), 2), 0) -> 0 | H55: =IFERROR(AVERAGE(G55,G59),0) -> 0 | I55: =SUM(H55:H57) -> 0 | J55: =F55 | K55: =IFERROR(INDEX(INDIRECT("Ans" & E55 & "TBL"), MATCH(J55, INDEX(INDIRECT("Ans" & E55 & "TBL"), 0, 1), 0), 2), 0) -> 0 | L55: =IFERROR(AVERAGE(K55,K59),0) -> 0 | M55: =SUM(L55:L57) -> 0 | N55: =J55 | O55: =IFERROR(INDEX(INDIRECT("Ans" & E55 & "TBL"), MATCH(N55, INDEX(INDIRECT("Ans" & E55 & "TBL"), 0, 1), 0), 2), 0) -> 0 | P55: =IFERROR(AVERAGE(O55,O59),0) -> 0 | Q55: =SUM(P55:P57) -> 0 | R55: =N55 | S55: =IFERROR(INDEX(INDIRECT("Ans" & E55 & "TBL"), MATCH(R55, INDEX(INDIRECT("Ans" & E55 & "TBL"), 0, 1), 0), 2), 0) -> 0 | T55: =IFERROR(AVERAGE(S55,S59),0) -> 0 | U55: =SUM(T55:T57) -> 0 | V55: =R55 | W55: =IFERROR(INDEX(INDIRECT("Ans" & E55 & "TBL"), MATCH(V55, INDEX(INDIRECT("Ans" & E55 & "TBL"), 0, 1), 0), 2), 0) -> 0 | X55: =IFERROR(AVERAGE(W55,W59),0) -> 0 | Y55: =SUM(X55:X57) -> 0 | Z55: =IFERROR(Y55-I55,Y55-LEFT(I55,1)) -> 0
A56: =Interview!A77 -> D-SR-A-2-1 | C56: =INDEX('imp-questions'!E:E, MATCH(A56, 'imp-questions'!A:A, 0)) -> 2 | D56: =INDEX('imp-questions'!F:F, MATCH(A56, 'imp-questions'!A:A, 0)) -> Do you define, structure, and include prioritization in the artifacts of the security requirements gathering process? | E56: =CHAR(65+INDEX('imp-questions'!H:H, MATCH(A56, 'imp-questions'!A:A, 0))) -> E | F56: =IF(ISBLANK(Interview!F77),"",Interview!F77) | G56: =IFERROR(INDEX(INDIRECT("Ans" & E56 & "TBL"), MATCH(F56, INDEX(INDIRECT("Ans" & E56 & "TBL"), 0, 1), 0), 2), 0) -> 0 | H56: =IFERROR(AVERAGE(G56,G60),0) -> 0 | J56: =F56 | K56: =IFERROR(INDEX(INDIRECT("Ans" & E56 & "TBL"), MATCH(J56, INDEX(INDIRECT("Ans" & E56 & "TBL"), 0, 1), 0), 2), 0) -> 0 | L56: =IFERROR(AVERAGE(K56,K60),0) -> 0 | N56: =J56 | O56: =IFERROR(INDEX(INDIRECT("Ans" & E56 & "TBL"), MATCH(N56, INDEX(INDIRECT("Ans" & E56 & "TBL"), 0, 1), 0), 2), 0) -> 0 | P56: =IFERROR(AVERAGE(O56,O60),0) -> 0 | R56: =N56 | S56: =IFERROR(INDEX(INDIRECT("Ans" & E56 & "TBL"), MATCH(R56, INDEX(INDIRECT("Ans" & E56 & "TBL"), 0, 1), 0), 2), 0) -> 0 | T56: =IFERROR(AVERAGE(S56,S60),0) -> 0 | V56: =R56 | W56: =IFERROR(INDEX(INDIRECT("Ans" & E56 & "TBL"), MATCH(V56, INDEX(INDIRECT("Ans" & E56 & "TBL"), 0, 1), 0), 2), 0) -> 0 | X56: =IFERROR(AVERAGE(W56,W60),0) -> 0
A57: =Interview!A79 -> D-SR-A-3-1 | C57: =INDEX('imp-questions'!E:E, MATCH(A57, 'imp-questions'!A:A, 0)) -> 3 | D57: =INDEX('imp-questions'!F:F, MATCH(A57, 'imp-questions'!A:A, 0)) -> Do you use a standard requirements framework to streamline the elicitation of security requirements? | E57: =CHAR(65+INDEX('imp-questions'!H:H, MATCH(A57, 'imp-questions'!A:A, 0))) -> A | F57: =IF(ISBLANK(Interview!F79),"",Interview!F79) | G57: =IFERROR(INDEX(INDIRECT("Ans" & E57 & "TBL"), MATCH(F57, INDEX(INDIRECT("Ans" & E57 & "TBL"), 0, 1), 0), 2), 0) -> 0 | H57: =IFERROR(AVERAGE(G57,G61),0) -> 0 | J57: =F57 | K57: =IFERROR(INDEX(INDIRECT("Ans" & E57 & "TBL"), MATCH(J57, INDEX(INDIRECT("Ans" & E57 & "TBL"), 0, 1), 0), 2), 0) -> 0 | L57: =IFERROR(AVERAGE(K57,K61),0) -> 0 | N57: =J57 | O57: =IFERROR(INDEX(INDIRECT("Ans" & E57 & "TBL"), MATCH(N57, INDEX(INDIRECT("Ans" & E57 & "TBL"), 0, 1), 0), 2), 0) -> 0 | P57: =IFERROR(AVERAGE(O57,O61),0) -> 0 | R57: =N57 | S57: =IFERROR(INDEX(INDIRECT("Ans" & E57 & "TBL"), MATCH(R57, INDEX(INDIRECT("Ans" & E57 & "TBL"), 0, 1), 0), 2), 0) -> 0 | T57: =IFERROR(AVERAGE(S57,S61),0) -> 0 | V57: =R57 | W57: =IFERROR(INDEX(INDIRECT("Ans" & E57 & "TBL"), MATCH(V57, INDEX(INDIRECT("Ans" & E57 & "TBL"), 0, 1), 0), 2), 0) -> 0 | X57: =IFERROR(AVERAGE(W57,W61),0) -> 0
A59: =Interview!A82 -> D-SR-B-1-1 | B59: =INDEX('imp-questions'!D:D, MATCH(A59, 'imp-questions'!A:A, 0)) -> Supplier Security | C59: =INDEX('imp-questions'!E:E, MATCH(A59, 'imp-questions'!A:A, 0)) -> 1 | D59: =INDEX('imp-questions'!F:F, MATCH(A59, 'imp-questions'!A:A, 0)) -> Do stakeholders review vendor collaborations for security requirements and methodology? | E59: =CHAR(65+INDEX('imp-questions'!H:H, MATCH(A59, 'imp-questions'!A:A, 0))) -> E | F59: =IF(ISBLANK(Interview!F82),"",Interview!F82) | G59: =IFERROR(INDEX(INDIRECT("Ans" & E59 & "TBL"), MATCH(F59, INDEX(INDIRECT("Ans" & E59 & "TBL"), 0, 1), 0), 2), 0) -> 0 | J59: =F59 | K59: =IFERROR(INDEX(INDIRECT("Ans" & E59 & "TBL"), MATCH(J59, INDEX(INDIRECT("Ans" & E59 & "TBL"), 0, 1), 0), 2), 0) -> 0 | N59: =J59 | O59: =IFERROR(INDEX(INDIRECT("Ans" & E59 & "TBL"), MATCH(N59, INDEX(INDIRECT("Ans" & E59 & "TBL"), 0, 1), 0), 2), 0) -> 0 | R59: =N59 | S59: =IFERROR(INDEX(INDIRECT("Ans" & E59 & "TBL"), MATCH(R59, INDEX(INDIRECT("Ans" & E59 & "TBL"), 0, 1), 0), 2), 0) -> 0 | V59: =R59 | W59: =IFERROR(INDEX(INDIRECT("Ans" & E59 & "TBL"), MATCH(V59, INDEX(INDIRECT("Ans" & E59 & "TBL"), 0, 1), 0), 2), 0) -> 0
A60: =Interview!A84 -> D-SR-B-2-1 | C60: =INDEX('imp-questions'!E:E, MATCH(A60, 'imp-questions'!A:A, 0)) -> 2 | D60: =INDEX('imp-questions'!F:F, MATCH(A60, 'imp-questions'!A:A, 0)) -> Do vendors meet the security responsibilities and quality measures of service level agreements defined by the organization? | E60: =CHAR(65+INDEX('imp-questions'!H:H, MATCH(A60, 'imp-questions'!A:A, 0))) -> E | F60: =IF(ISBLANK(Interview!F84),"",Interview!F84) | G60: =IFERROR(INDEX(INDIRECT("Ans" & E60 & "TBL"), MATCH(F60, INDEX(INDIRECT("Ans" & E60 & "TBL"), 0, 1), 0), 2), 0) -> 0 | J60: =F60 | K60: =IFERROR(INDEX(INDIRECT("Ans" & E60 & "TBL"), MATCH(J60, INDEX(INDIRECT("Ans" & E60 & "TBL"), 0, 1), 0), 2), 0) -> 0 | N60: =J60 | O60: =IFERROR(INDEX(INDIRECT("Ans" & E60 & "TBL"), MATCH(N60, INDEX(INDIRECT("Ans" & E60 & "TBL"), 0, 1), 0), 2), 0) -> 0 | R60: =N60 | S60: =IFERROR(INDEX(INDIRECT("Ans" & E60 & "TBL"), MATCH(R60, INDEX(INDIRECT("Ans" & E60 & "TBL"), 0, 1), 0), 2), 0) -> 0 | V60: =R60 | W60: =IFERROR(INDEX(INDIRECT("Ans" & E60 & "TBL"), MATCH(V60, INDEX(INDIRECT("Ans" & E60 & "TBL"), 0, 1), 0), 2), 0) -> 0
A61: =Interview!A86 -> D-SR-B-3-1 | C61: =INDEX('imp-questions'!E:E, MATCH(A61, 'imp-questions'!A:A, 0)) -> 3 | D61: =INDEX('imp-questions'!F:F, MATCH(A61, 'imp-questions'!A:A, 0)) -> Are vendors aligned with standard security controls and software development tools and processes that the organization utilizes? | E61: =CHAR(65+INDEX('imp-questions'!H:H, MATCH(A61, 'imp-questions'!A:A, 0))) -> E | F61: =IF(ISBLANK(Interview!F86),"",Interview!F86) | G61: =IFERROR(INDEX(INDIRECT("Ans" & E61 & "TBL"), MATCH(F61, INDEX(INDIRECT("Ans" & E61 & "TBL"), 0, 1), 0), 2), 0) -> 0 | J61: =F61 | K61: =IFERROR(INDEX(INDIRECT("Ans" & E61 & "TBL"), MATCH(J61, INDEX(INDIRECT("Ans" & E61 & "TBL"), 0, 1), 0), 2), 0) -> 0 | N61: =J61 | O61: =IFERROR(INDEX(INDIRECT("Ans" & E61 & "TBL"), MATCH(N61, INDEX(INDIRECT("Ans" & E61 & "TBL"), 0, 1), 0), 2), 0) -> 0 | R61: =N61 | S61: =IFERROR(INDEX(INDIRECT("Ans" & E61 & "TBL"), MATCH(R61, INDEX(INDIRECT("Ans" & E61 & "TBL"), 0, 1), 0), 2), 0) -> 0 | V61: =R61 | W61: =IFERROR(INDEX(INDIRECT("Ans" & E61 & "TBL"), MATCH(V61, INDEX(INDIRECT("Ans" & E61 & "TBL"), 0, 1), 0), 2), 0) -> 0
B63: Stream | C63: Level | D63: Secure Architecture | F63: Answer | I63: Rating | J63: Answer | M63: Rating | N63: Answer | Q63: Rating | R63: Answer | U63: Rating | V63: Answer | Y63: Rating | Z63: Gap vs Current
A64: =Interview!A89 -> D-SA-A-1-1 | B64: =INDEX('imp-questions'!D:D, MATCH(A64, 'imp-questions'!A:A, 0)) -> Architecture Design | C64: =INDEX('imp-questions'!E:E, MATCH(A64, 'imp-questions'!A:A, 0)) -> 1 | D64: =INDEX('imp-questions'!F:F, MATCH(A64, 'imp-questions'!A:A, 0)) -> Do teams use security principles during design? | E64: =CHAR(65+INDEX('imp-questions'!H:H, MATCH(A64, 'imp-questions'!A:A, 0))) -> A | F64: =IF(ISBLANK(Interview!F89),"",Interview!F89) | G64: =IFERROR(INDEX(INDIRECT("Ans" & E64 & "TBL"), MATCH(F64, INDEX(INDIRECT("Ans" & E64 & "TBL"), 0, 1), 0), 2), 0) -> 0 | H64: =IFERROR(AVERAGE(G64,G68),0) -> 0 | I64: =SUM(H64:H66) -> 0 | J64: =F64 | K64: =IFERROR(INDEX(INDIRECT("Ans" & E64 & "TBL"), MATCH(J64, INDEX(INDIRECT("Ans" & E64 & "TBL"), 0, 1), 0), 2), 0) -> 0 | L64: =IFERROR(AVERAGE(K64,K68),0) -> 0 | M64: =SUM(L64:L66) -> 0 | N64: =J64 | O64: =IFERROR(INDEX(INDIRECT("Ans" & E64 & "TBL"), MATCH(N64, INDEX(INDIRECT("Ans" & E64 & "TBL"), 0, 1), 0), 2), 0) -> 0 | P64: =IFERROR(AVERAGE(O64,O68),0) -> 0 | Q64: =SUM(P64:P66) -> 0 | R64: =N64 | S64: =IFERROR(INDEX(INDIRECT("Ans" & E64 & "TBL"), MATCH(R64, INDEX(INDIRECT("Ans" & E64 & "TBL"), 0, 1), 0), 2), 0) -> 0 | T64: =IFERROR(AVERAGE(S64,S68),0) -> 0 | U64: =SUM(T64:T66) -> 0 | V64: =R64 | W64: =IFERROR(INDEX(INDIRECT("Ans" & E64 & "TBL"), MATCH(V64, INDEX(INDIRECT("Ans" & E64 & "TBL"), 0, 1), 0), 2), 0) -> 0 | X64: =IFERROR(AVERAGE(W64,W68),0) -> 0 | Y64: =SUM(X64:X66) -> 0 | Z64: =IFERROR(Y64-I64,Y64-LEFT(I64,1)) -> 0
A65: =Interview!A91 -> D-SA-A-2-1 | C65: =INDEX('imp-questions'!E:E, MATCH(A65, 'imp-questions'!A:A, 0)) -> 2 | D65: =INDEX('imp-questions'!F:F, MATCH(A65, 'imp-questions'!A:A, 0)) -> Do you use shared security services during design? | E65: =CHAR(65+INDEX('imp-questions'!H:H, MATCH(A65, 'imp-questions'!A:A, 0))) -> A | F65: =IF(ISBLANK(Interview!F91),"",Interview!F91) | G65: =IFERROR(INDEX(INDIRECT("Ans" & E65 & "TBL"), MATCH(F65, INDEX(INDIRECT("Ans" & E65 & "TBL"), 0, 1), 0), 2), 0) -> 0 | H65: =IFERROR(AVERAGE(G65,G69),0) -> 0 | J65: =F65 | K65: =IFERROR(INDEX(INDIRECT("Ans" & E65 & "TBL"), MATCH(J65, INDEX(INDIRECT("Ans" & E65 & "TBL"), 0, 1), 0), 2), 0) -> 0 | L65: =IFERROR(AVERAGE(K65,K69),0) -> 0 | N65: =J65 | O65: =IFERROR(INDEX(INDIRECT("Ans" & E65 & "TBL"), MATCH(N65, INDEX(INDIRECT("Ans" & E65 & "TBL"), 0, 1), 0), 2), 0) -> 0 | P65: =IFERROR(AVERAGE(O65,O69),0) -> 0 | R65: =N65 | S65: =IFERROR(INDEX(INDIRECT("Ans" & E65 & "TBL"), MATCH(R65, INDEX(INDIRECT("Ans" & E65 & "TBL"), 0, 1), 0), 2), 0) -> 0 | T65: =IFERROR(AVERAGE(S65,S69),0) -> 0 | V65: =R65 | W65: =IFERROR(INDEX(INDIRECT("Ans" & E65 & "TBL"), MATCH(V65, INDEX(INDIRECT("Ans" & E65 & "TBL"), 0, 1), 0), 2), 0) -> 0 | X65: =IFERROR(AVERAGE(W65,W69),0) -> 0
A66: =Interview!A93 -> D-SA-A-3-1 | C66: =INDEX('imp-questions'!E:E, MATCH(A66, 'imp-questions'!A:A, 0)) -> 3 | D66: =INDEX('imp-questions'!F:F, MATCH(A66, 'imp-questions'!A:A, 0)) -> Do you base your design on available reference architectures? | E66: =CHAR(65+INDEX('imp-questions'!H:H, MATCH(A66, 'imp-questions'!A:A, 0))) -> A | F66: =IF(ISBLANK(Interview!F93),"",Interview!F93) | G66: =IFERROR(INDEX(INDIRECT("Ans" & E66 & "TBL"), MATCH(F66, INDEX(INDIRECT("Ans" & E66 & "TBL"), 0, 1), 0), 2), 0) -> 0 | H66: =IFERROR(AVERAGE(G66,G70),0) -> 0 | J66: =F66 | K66: =IFERROR(INDEX(INDIRECT("Ans" & E66 & "TBL"), MATCH(J66, INDEX(INDIRECT("Ans" & E66 & "TBL"), 0, 1), 0), 2), 0) -> 0 | L66: =IFERROR(AVERAGE(K66,K70),0) -> 0 | N66: =J66 | O66: =IFERROR(INDEX(INDIRECT("Ans" & E66 & "TBL"), MATCH(N66, INDEX(INDIRECT("Ans" & E66 & "TBL"), 0, 1), 0), 2), 0) -> 0 | P66: =IFERROR(AVERAGE(O66,O70),0) -> 0 | R66: =N66 | S66: =IFERROR(INDEX(INDIRECT("Ans" & E66 & "TBL"), MATCH(R66, INDEX(INDIRECT("Ans" & E66 & "TBL"), 0, 1), 0), 2), 0) -> 0 | T66: =IFERROR(AVERAGE(S66,S70),0) -> 0 | V66: =R66 | W66: =IFERROR(INDEX(INDIRECT("Ans" & E66 & "TBL"), MATCH(V66, INDEX(INDIRECT("Ans" & E66 & "TBL"), 0, 1), 0), 2), 0) -> 0 | X66: =IFERROR(AVERAGE(W66,W70),0) -> 0
A68: =Interview!A96 -> D-SA-B-1-1 | B68: =INDEX('imp-questions'!D:D, MATCH(A68, 'imp-questions'!A:A, 0)) -> Technology Management | C68: =INDEX('imp-questions'!E:E, MATCH(A68, 'imp-questions'!A:A, 0)) -> 1 | D68: =INDEX('imp-questions'!F:F, MATCH(A68, 'imp-questions'!A:A, 0)) -> Do you evaluate the security quality of important technologies used for development? | E68: =CHAR(65+INDEX('imp-questions'!H:H, MATCH(A68, 'imp-questions'!A:A, 0))) -> A | F68: =IF(ISBLANK(Interview!F96),"",Interview!F96) | G68: =IFERROR(INDEX(INDIRECT("Ans" & E68 & "TBL"), MATCH(F68, INDEX(INDIRECT("Ans" & E68 & "TBL"), 0, 1), 0), 2), 0) -> 0 | J68: =F68 | K68: =IFERROR(INDEX(INDIRECT("Ans" & E68 & "TBL"), MATCH(J68, INDEX(INDIRECT("Ans" & E68 & "TBL"), 0, 1), 0), 2), 0) -> 0 | N68: =J68 | O68: =IFERROR(INDEX(INDIRECT("Ans" & E68 & "TBL"), MATCH(N68, INDEX(INDIRECT("Ans" & E68 & "TBL"), 0, 1), 0), 2), 0) -> 0 | R68: =N68 | S68: =IFERROR(INDEX(INDIRECT("Ans" & E68 & "TBL"), MATCH(R68, INDEX(INDIRECT("Ans" & E68 & "TBL"), 0, 1), 0), 2), 0) -> 0 | V68: =R68 | W68: =IFERROR(INDEX(INDIRECT("Ans" & E68 & "TBL"), MATCH(V68, INDEX(INDIRECT("Ans" & E68 & "TBL"), 0, 1), 0), 2), 0) -> 0
A69: =Interview!A98 -> D-SA-B-2-1 | C69: =INDEX('imp-questions'!E:E, MATCH(A69, 'imp-questions'!A:A, 0)) -> 2 | D69: =INDEX('imp-questions'!F:F, MATCH(A69, 'imp-questions'!A:A, 0)) -> Do you have a list of recommended technologies for the organization? | E69: =CHAR(65+INDEX('imp-questions'!H:H, MATCH(A69, 'imp-questions'!A:A, 0))) -> M | F69: =IF(ISBLANK(Interview!F98),"",Interview!F98) | G69: =IFERROR(INDEX(INDIRECT("Ans" & E69 & "TBL"), MATCH(F69, INDEX(INDIRECT("Ans" & E69 & "TBL"), 0, 1), 0), 2), 0) -> 0 | J69: =F69 | K69: =IFERROR(INDEX(INDIRECT("Ans" & E69 & "TBL"), MATCH(J69, INDEX(INDIRECT("Ans" & E69 & "TBL"), 0, 1), 0), 2), 0) -> 0 | N69: =J69 | O69: =IFERROR(INDEX(INDIRECT("Ans" & E69 & "TBL"), MATCH(N69, INDEX(INDIRECT("Ans" & E69 & "TBL"), 0, 1), 0), 2), 0) -> 0 | R69: =N69 | S69: =IFERROR(INDEX(INDIRECT("Ans" & E69 & "TBL"), MATCH(R69, INDEX(INDIRECT("Ans" & E69 & "TBL"), 0, 1), 0), 2), 0) -> 0 | V69: =R69 | W69: =IFERROR(INDEX(INDIRECT("Ans" & E69 & "TBL"), MATCH(V69, INDEX(INDIRECT("Ans" & E69 & "TBL"), 0, 1), 0), 2), 0) -> 0
A70: =Interview!A100 -> D-SA-B-3-1 | C70: =INDEX('imp-questions'!E:E, MATCH(A70, 'imp-questions'!A:A, 0)) -> 3 | D70: =INDEX('imp-questions'!F:F, MATCH(A70, 'imp-questions'!A:A, 0)) -> Do you enforce the use of recommended technologies within the organization? | E70: =CHAR(65+INDEX('imp-questions'!H:H, MATCH(A70, 'imp-questions'!A:A, 0))) -> A | F70: =IF(ISBLANK(Interview!F100),"",Interview!F100) | G70: =IFERROR(INDEX(INDIRECT("Ans" & E70 & "TBL"), MATCH(F70, INDEX(INDIRECT("Ans" & E70 & "TBL"), 0, 1), 0), 2), 0) -> 0 | J70: =F70 | K70: =IFERROR(INDEX(INDIRECT("Ans" & E70 & "TBL"), MATCH(J70, INDEX(INDIRECT("Ans" & E70 & "TBL"), 0, 1), 0), 2), 0) -> 0 | N70: =J70 | O70: =IFERROR(INDEX(INDIRECT("Ans" & E70 & "TBL"), MATCH(N70, INDEX(INDIRECT("Ans" & E70 & "TBL"), 0, 1), 0), 2), 0) -> 0 | R70: =N70 | S70: =IFERROR(INDEX(INDIRECT("Ans" & E70 & "TBL"), MATCH(R70, INDEX(INDIRECT("Ans" & E70 & "TBL"), 0, 1), 0), 2), 0) -> 0 | V70: =R70 | W70: =IFERROR(INDEX(INDIRECT("Ans" & E70 & "TBL"), MATCH(V70, INDEX(INDIRECT("Ans" & E70 & "TBL"), 0, 1), 0), 2), 0) -> 0
B72: Implementation | F72: Current | J72: Phase 1 | N72: Phase 2 | R72: Phase 3 | V72: Phase 4
B73: Stream | C73: Level | D73: Secure Build | F73: Answer | I73: Rating | J73: Answer | M73: Rating | N73: Answer | Q73: Rating | R73: Answer | U73: Rating | V73: Answer | Y73: Rating | Z73: Gap vs Current
A74: =Interview!A104 -> I-SB-A-1-1 | B74: =INDEX('imp-questions'!D:D, MATCH(A74, 'imp-questions'!A:A, 0)) -> Build Process | C74: =INDEX('imp-questions'!E:E, MATCH(A74, 'imp-questions'!A:A, 0)) -> 1 | D74: =INDEX('imp-questions'!F:F, MATCH(A74, 'imp-questions'!A:A, 0)) -> Is your full build process formally described? | E74: =CHAR(65+INDEX('imp-questions'!H:H, MATCH(A74, 'imp-questions'!A:A, 0))) -> A | F74: =IF(ISBLANK(Interview!F104),"",Interview!F104) | G74: =IFERROR(INDEX(INDIRECT("Ans" & E74 & "TBL"), MATCH(F74, INDEX(INDIRECT("Ans" & E74 & "TBL"), 0, 1), 0), 2), 0) -> 0 | H74: =IFERROR(AVERAGE(G74,G78),0) -> 0 | I74: =SUM(H74:H76) -> 0 | J74: =F74 | K74: =IFERROR(INDEX(INDIRECT("Ans" & E74 & "TBL"), MATCH(J74, INDEX(INDIRECT("Ans" & E74 & "TBL"), 0, 1), 0), 2), 0) -> 0 | L74: =IFERROR(AVERAGE(K74,K78),0) -> 0 | M74: =SUM(L74:L76) -> 0 | N74: =J74 | O74: =IFERROR(INDEX(INDIRECT("Ans" & E74 & "TBL"), MATCH(N74, INDEX(INDIRECT("Ans" & E74 & "TBL"), 0, 1), 0), 2), 0) -> 0 | P74: =IFERROR(AVERAGE(O74,O78),0) -> 0 | Q74: =SUM(P74:P76) -> 0 | R74: =N74 | S74: =IFERROR(INDEX(INDIRECT("Ans" & E74 & "TBL"), MATCH(R74, INDEX(INDIRECT("Ans" & E74 & "TBL"), 0, 1), 0), 2), 0) -> 0 | T74: =IFERROR(AVERAGE(S74,S78),0) -> 0 | U74: =SUM(T74:T76) -> 0 | V74: =R74 | W74: =IFERROR(INDEX(INDIRECT("Ans" & E74 & "TBL"), MATCH(V74, INDEX(INDIRECT("Ans" & E74 & "TBL"), 0, 1), 0), 2), 0) -> 0 | X74: =IFERROR(AVERAGE(W74,W78),0) -> 0 | Y74: =SUM(X74:X76) -> 0 | Z74: =IFERROR(Y74-I74,Y74-LEFT(I74,1)) -> 0
A75: =Interview!A106 -> I-SB-A-2-1 | C75: =INDEX('imp-questions'!E:E, MATCH(A75, 'imp-questions'!A:A, 0)) -> 2 | D75: =INDEX('imp-questions'!F:F, MATCH(A75, 'imp-questions'!A:A, 0)) -> Is the build process fully automated? | E75: =CHAR(65+INDEX('imp-questions'!H:H, MATCH(A75, 'imp-questions'!A:A, 0))) -> A | F75: =IF(ISBLANK(Interview!F106),"",Interview!F106) | G75: =IFERROR(INDEX(INDIRECT("Ans" & E75 & "TBL"), MATCH(F75, INDEX(INDIRECT("Ans" & E75 & "TBL"), 0, 1), 0), 2), 0) -> 0 | H75: =IFERROR(AVERAGE(G75,G79),0) -> 0 | J75: =F75 | K75: =IFERROR(INDEX(INDIRECT("Ans" & E75 & "TBL"), MATCH(J75, INDEX(INDIRECT("Ans" & E75 & "TBL"), 0, 1), 0), 2), 0) -> 0 | L75: =IFERROR(AVERAGE(K75,K79),0) -> 0 | N75: =J75 | O75: =IFERROR(INDEX(INDIRECT("Ans" & E75 & "TBL"), MATCH(N75, INDEX(INDIRECT("Ans" & E75 & "TBL"), 0, 1), 0), 2), 0) -> 0 | P75: =IFERROR(AVERAGE(O75,O79),0) -> 0 | R75: =N75 | S75: =IFERROR(INDEX(INDIRECT("Ans" & E75 & "TBL"), MATCH(R75, INDEX(INDIRECT("Ans" & E75 & "TBL"), 0, 1), 0), 2), 0) -> 0 | T75: =IFERROR(AVERAGE(S75,S79),0) -> 0 | V75: =R75 | W75: =IFERROR(INDEX(INDIRECT("Ans" & E75 & "TBL"), MATCH(V75, INDEX(INDIRECT("Ans" & E75 & "TBL"), 0, 1), 0), 2), 0) -> 0 | X75: =IFERROR(AVERAGE(W75,W79),0) -> 0
A76: =Interview!A108 -> I-SB-A-3-1 | C76: =INDEX('imp-questions'!E:E, MATCH(A76, 'imp-questions'!A:A, 0)) -> 3 | D76: =INDEX('imp-questions'!F:F, MATCH(A76, 'imp-questions'!A:A, 0)) -> Do you enforce automated security checks in your build processes? | E76: =CHAR(65+INDEX('imp-questions'!H:H, MATCH(A76, 'imp-questions'!A:A, 0))) -> A | F76: =IF(ISBLANK(Interview!F108),"",Interview!F108) | G76: =IFERROR(INDEX(INDIRECT("Ans" & E76 & "TBL"), MATCH(F76, INDEX(INDIRECT("Ans" & E76 & "TBL"), 0, 1), 0), 2), 0) -> 0 | H76: =IFERROR(AVERAGE(G76,G80),0) -> 0 | J76: =F76 | K76: =IFERROR(INDEX(INDIRECT("Ans" & E76 & "TBL"), MATCH(J76, INDEX(INDIRECT("Ans" & E76 & "TBL"), 0, 1), 0), 2), 0) -> 0 | L76: =IFERROR(AVERAGE(K76,K80),0) -> 0 | N76: =J76 | O76: =IFERROR(INDEX(INDIRECT("Ans" & E76 & "TBL"), MATCH(N76, INDEX(INDIRECT("Ans" & E76 & "TBL"), 0, 1), 0), 2), 0) -> 0 | P76: =IFERROR(AVERAGE(O76,O80),0) -> 0 | R76: =N76 | S76: =IFERROR(INDEX(INDIRECT("Ans" & E76 & "TBL"), MATCH(R76, INDEX(INDIRECT("Ans" & E76 & "TBL"), 0, 1), 0), 2), 0) -> 0 | T76: =IFERROR(AVERAGE(S76,S80),0) -> 0 | V76: =R76 | W76: =IFERROR(INDEX(INDIRECT("Ans" & E76 & "TBL"), MATCH(V76, INDEX(INDIRECT("Ans" & E76 & "TBL"), 0, 1), 0), 2), 0) -> 0 | X76: =IFERROR(AVERAGE(W76,W80),0) -> 0
A78: =Interview!A111 -> I-SB-B-1-1 | B78: =INDEX('imp-questions'!D:D, MATCH(A78, 'imp-questions'!A:A, 0)) -> Software Dependencies | C78: =INDEX('imp-questions'!E:E, MATCH(A78, 'imp-questions'!A:A, 0)) -> 1 | D78: =INDEX('imp-questions'!F:F, MATCH(A78, 'imp-questions'!A:A, 0)) -> Do you have solid knowledge about dependencies you're relying on? | E78: =CHAR(65+INDEX('imp-questions'!H:H, MATCH(A78, 'imp-questions'!A:A, 0))) -> A | F78: =IF(ISBLANK(Interview!F111),"",Interview!F111) | G78: =IFERROR(INDEX(INDIRECT("Ans" & E78 & "TBL"), MATCH(F78, INDEX(INDIRECT("Ans" & E78 & "TBL"), 0, 1), 0), 2), 0) -> 0 | J78: =F78 | K78: =IFERROR(INDEX(INDIRECT("Ans" & E78 & "TBL"), MATCH(J78, INDEX(INDIRECT("Ans" & E78 & "TBL"), 0, 1), 0), 2), 0) -> 0 | N78: =J78 | O78: =IFERROR(INDEX(INDIRECT("Ans" & E78 & "TBL"), MATCH(N78, INDEX(INDIRECT("Ans" & E78 & "TBL"), 0, 1), 0), 2), 0) -> 0 | R78: =N78 | S78: =IFERROR(INDEX(INDIRECT("Ans" & E78 & "TBL"), MATCH(R78, INDEX(INDIRECT("Ans" & E78 & "TBL"), 0, 1), 0), 2), 0) -> 0 | V78: =R78 | W78: =IFERROR(INDEX(INDIRECT("Ans" & E78 & "TBL"), MATCH(V78, INDEX(INDIRECT("Ans" & E78 & "TBL"), 0, 1), 0), 2), 0) -> 0
A79: =Interview!A113 -> I-SB-B-2-1 | C79: =INDEX('imp-questions'!E:E, MATCH(A79, 'imp-questions'!A:A, 0)) -> 2 | D79: =INDEX('imp-questions'!F:F, MATCH(A79, 'imp-questions'!A:A, 0)) -> Do you handle 3rd party dependency risk by a formal process? | E79: =CHAR(65+INDEX('imp-questions'!H:H, MATCH(A79, 'imp-questions'!A:A, 0))) -> A | F79: =IF(ISBLANK(Interview!F113),"",Interview!F113) | G79: =IFERROR(INDEX(INDIRECT("Ans" & E79 & "TBL"), MATCH(F79, INDEX(INDIRECT("Ans" & E79 & "TBL"), 0, 1), 0), 2), 0) -> 0 | J79: =F79 | K79: =IFERROR(INDEX(INDIRECT("Ans" & E79 & "TBL"), MATCH(J79, INDEX(INDIRECT("Ans" & E79 & "TBL"), 0, 1), 0), 2), 0) -> 0 | N79: =J79 | O79: =IFERROR(INDEX(INDIRECT("Ans" & E79 & "TBL"), MATCH(N79, INDEX(INDIRECT("Ans" & E79 & "TBL"), 0, 1), 0), 2), 0) -> 0 | R79: =N79 | S79: =IFERROR(INDEX(INDIRECT("Ans" & E79 & "TBL"), MATCH(R79, INDEX(INDIRECT("Ans" & E79 & "TBL"), 0, 1), 0), 2), 0) -> 0 | V79: =R79 | W79: =IFERROR(INDEX(INDIRECT("Ans" & E79 & "TBL"), MATCH(V79, INDEX(INDIRECT("Ans" & E79 & "TBL"), 0, 1), 0), 2), 0) -> 0
A80: =Interview!A115 -> I-SB-B-3-1 | C80: =INDEX('imp-questions'!E:E, MATCH(A80, 'imp-questions'!A:A, 0)) -> 3 | D80: =INDEX('imp-questions'!F:F, MATCH(A80, 'imp-questions'!A:A, 0)) -> Do you prevent build of software if it's affected by vulnerabilities in dependencies? | E80: =CHAR(65+INDEX('imp-questions'!H:H, MATCH(A80, 'imp-questions'!A:A, 0))) -> A | F80: =IF(ISBLANK(Interview!F115),"",Interview!F115) | G80: =IFERROR(INDEX(INDIRECT("Ans" & E80 & "TBL"), MATCH(F80, INDEX(INDIRECT("Ans" & E80 & "TBL"), 0, 1), 0), 2), 0) -> 0 | J80: =F80 | K80: =IFERROR(INDEX(INDIRECT("Ans" & E80 & "TBL"), MATCH(J80, INDEX(INDIRECT("Ans" & E80 & "TBL"), 0, 1), 0), 2), 0) -> 0 | N80: =J80 | O80: =IFERROR(INDEX(INDIRECT("Ans" & E80 & "TBL"), MATCH(N80, INDEX(INDIRECT("Ans" & E80 & "TBL"), 0, 1), 0), 2), 0) -> 0 | R80: =N80 | S80: =IFERROR(INDEX(INDIRECT("Ans" & E80 & "TBL"), MATCH(R80, INDEX(INDIRECT("Ans" & E80 & "TBL"), 0, 1), 0), 2), 0) -> 0 | V80: =R80 | W80: =IFERROR(INDEX(INDIRECT("Ans" & E80 & "TBL"), MATCH(V80, INDEX(INDIRECT("Ans" & E80 & "TBL"), 0, 1), 0), 2), 0) -> 0
B82: Stream | C82: Level | D82: Secure Deployment | F82: Answer | I82: Rating | J82: Answer | M82: Rating | N82: Answer | Q82: Rating | R82: Answer | U82: Rating | V82: Answer | Y82: Rating | Z82: Gap vs Current
A83: =Interview!A118 -> I-SD-A-1-1 | B83: =INDEX('imp-questions'!D:D, MATCH(A83, 'imp-questions'!A:A, 0)) -> Deployment Process | C83: =INDEX('imp-questions'!E:E, MATCH(A83, 'imp-questions'!A:A, 0)) -> 1 | D83: =INDEX('imp-questions'!F:F, MATCH(A83, 'imp-questions'!A:A, 0)) -> Do you use repeatable deployment processes? | E83: =CHAR(65+INDEX('imp-questions'!H:H, MATCH(A83, 'imp-questions'!A:A, 0))) -> A | F83: =IF(ISBLANK(Interview!F118),"",Interview!F118) | G83: =IFERROR(INDEX(INDIRECT("Ans" & E83 & "TBL"), MATCH(F83, INDEX(INDIRECT("Ans" & E83 & "TBL"), 0, 1), 0), 2), 0) -> 0 | H83: =IFERROR(AVERAGE(G83,G87),0) -> 0 | I83: =SUM(H83:H85) -> 0 | J83: =F83 | K83: =IFERROR(INDEX(INDIRECT("Ans" & E83 & "TBL"), MATCH(J83, INDEX(INDIRECT("Ans" & E83 & "TBL"), 0, 1), 0), 2), 0) -> 0 | L83: =IFERROR(AVERAGE(K83,K87),0) -> 0 | M83: =SUM(L83:L85) -> 0 | N83: =J83 | O83: =IFERROR(INDEX(INDIRECT("Ans" & E83 & "TBL"), MATCH(N83, INDEX(INDIRECT("Ans" & E83 & "TBL"), 0, 1), 0), 2), 0) -> 0 | P83: =IFERROR(AVERAGE(O83,O87),0) -> 0 | Q83: =SUM(P83:P85) -> 0 | R83: =N83 | S83: =IFERROR(INDEX(INDIRECT("Ans" & E83 & "TBL"), MATCH(R83, INDEX(INDIRECT("Ans" & E83 & "TBL"), 0, 1), 0), 2), 0) -> 0 | T83: =IFERROR(AVERAGE(S83,S87),0) -> 0 | U83: =SUM(T83:T85) -> 0 | V83: =R83 | W83: =IFERROR(INDEX(INDIRECT("Ans" & E83 & "TBL"), MATCH(V83, INDEX(INDIRECT("Ans" & E83 & "TBL"), 0, 1), 0), 2), 0) -> 0 | X83: =IFERROR(AVERAGE(W83,W87),0) -> 0 | Y83: =SUM(X83:X85) -> 0 | Z83: =IFERROR(Y83-I83,Y83-LEFT(I83,1)) -> 0
A84: =Interview!A120 -> I-SD-A-2-1 | C84: =INDEX('imp-questions'!E:E, MATCH(A84, 'imp-questions'!A:A, 0)) -> 2 | D84: =INDEX('imp-questions'!F:F, MATCH(A84, 'imp-questions'!A:A, 0)) -> Are deployment processes automated and employing security checks? | E84: =CHAR(65+INDEX('imp-questions'!H:H, MATCH(A84, 'imp-questions'!A:A, 0))) -> A | F84: =IF(ISBLANK(Interview!F120),"",Interview!F120) | G84: =IFERROR(INDEX(INDIRECT("Ans" & E84 & "TBL"), MATCH(F84, INDEX(INDIRECT("Ans" & E84 & "TBL"), 0, 1), 0), 2), 0) -> 0 | H84: =IFERROR(AVERAGE(G84,G88),0) -> 0 | J84: =F84 | K84: =IFERROR(INDEX(INDIRECT("Ans" & E84 & "TBL"), MATCH(J84, INDEX(INDIRECT("Ans" & E84 & "TBL"), 0, 1), 0), 2), 0) -> 0 | L84: =IFERROR(AVERAGE(K84,K88),0) -> 0 | N84: =J84 | O84: =IFERROR(INDEX(INDIRECT("Ans" & E84 & "TBL"), MATCH(N84, INDEX(INDIRECT("Ans" & E84 & "TBL"), 0, 1), 0), 2), 0) -> 0 | P84: =IFERROR(AVERAGE(O84,O88),0) -> 0 | R84: =N84 | S84: =IFERROR(INDEX(INDIRECT("Ans" & E84 & "TBL"), MATCH(R84, INDEX(INDIRECT("Ans" & E84 & "TBL"), 0, 1), 0), 2), 0) -> 0 | T84: =IFERROR(AVERAGE(S84,S88),0) -> 0 | V84: =R84 | W84: =IFERROR(INDEX(INDIRECT("Ans" & E84 & "TBL"), MATCH(V84, INDEX(INDIRECT("Ans" & E84 & "TBL"), 0, 1), 0), 2), 0) -> 0 | X84: =IFERROR(AVERAGE(W84,W88),0) -> 0
A85: =Interview!A122 -> I-SD-A-3-1 | C85: =INDEX('imp-questions'!E:E, MATCH(A85, 'imp-questions'!A:A, 0)) -> 3 | D85: =INDEX('imp-questions'!F:F, MATCH(A85, 'imp-questions'!A:A, 0)) -> Do you consistently validate the integrity of deployed artifacts? | E85: =CHAR(65+INDEX('imp-questions'!H:H, MATCH(A85, 'imp-questions'!A:A, 0))) -> A | F85: =IF(ISBLANK(Interview!F122),"",Interview!F122) | G85: =IFERROR(INDEX(INDIRECT("Ans" & E85 & "TBL"), MATCH(F85, INDEX(INDIRECT("Ans" & E85 & "TBL"), 0, 1), 0), 2), 0) -> 0 | H85: =IFERROR(AVERAGE(G85,G89),0) -> 0 | J85: =F85 | K85: =IFERROR(INDEX(INDIRECT("Ans" & E85 & "TBL"), MATCH(J85, INDEX(INDIRECT("Ans" & E85 & "TBL"), 0, 1), 0), 2), 0) -> 0 | L85: =IFERROR(AVERAGE(K85,K89),0) -> 0 | N85: =J85 | O85: =IFERROR(INDEX(INDIRECT("Ans" & E85 & "TBL"), MATCH(N85, INDEX(INDIRECT("Ans" & E85 & "TBL"), 0, 1), 0), 2), 0) -> 0 | P85: =IFERROR(AVERAGE(O85,O89),0) -> 0 | R85: =N85 | S85: =IFERROR(INDEX(INDIRECT("Ans" & E85 & "TBL"), MATCH(R85, INDEX(INDIRECT("Ans" & E85 & "TBL"), 0, 1), 0), 2), 0) -> 0 | T85: =IFERROR(AVERAGE(S85,S89),0) -> 0 | V85: =R85 | W85: =IFERROR(INDEX(INDIRECT("Ans" & E85 & "TBL"), MATCH(V85, INDEX(INDIRECT("Ans" & E85 & "TBL"), 0, 1), 0), 2), 0) -> 0 | X85: =IFERROR(AVERAGE(W85,W89),0) -> 0
A87: =Interview!A125 -> I-SD-B-1-1 | B87: =INDEX('imp-questions'!D:D, MATCH(A87, 'imp-questions'!A:A, 0)) -> Secret Management | C87: =INDEX('imp-questions'!E:E, MATCH(A87, 'imp-questions'!A:A, 0)) -> 1 | D87: =INDEX('imp-questions'!F:F, MATCH(A87, 'imp-questions'!A:A, 0)) -> Do you limit access to application secrets according to the least privilege principle? | E87: =CHAR(65+INDEX('imp-questions'!H:H, MATCH(A87, 'imp-questions'!A:A, 0))) -> A | F87: =IF(ISBLANK(Interview!F125),"",Interview!F125) | G87: =IFERROR(INDEX(INDIRECT("Ans" & E87 & "TBL"), MATCH(F87, INDEX(INDIRECT("Ans" & E87 & "TBL"), 0, 1), 0), 2), 0) -> 0 | J87: =F87 | K87: =IFERROR(INDEX(INDIRECT("Ans" & E87 & "TBL"), MATCH(J87, INDEX(INDIRECT("Ans" & E87 & "TBL"), 0, 1), 0), 2), 0) -> 0 | N87: =J87 | O87: =IFERROR(INDEX(INDIRECT("Ans" & E87 & "TBL"), MATCH(N87, INDEX(INDIRECT("Ans" & E87 & "TBL"), 0, 1), 0), 2), 0) -> 0 | R87: =N87 | S87: =IFERROR(INDEX(INDIRECT("Ans" & E87 & "TBL"), MATCH(R87, INDEX(INDIRECT("Ans" & E87 & "TBL"), 0, 1), 0), 2), 0) -> 0 | V87: =R87 | W87: =IFERROR(INDEX(INDIRECT("Ans" & E87 & "TBL"), MATCH(V87, INDEX(INDIRECT("Ans" & E87 & "TBL"), 0, 1), 0), 2), 0) -> 0
A88: =Interview!A127 -> I-SD-B-2-1 | C88: =INDEX('imp-questions'!E:E, MATCH(A88, 'imp-questions'!A:A, 0)) -> 2 | D88: =INDEX('imp-questions'!F:F, MATCH(A88, 'imp-questions'!A:A, 0)) -> Do you inject production secrets into configuration files during deployment? | E88: =CHAR(65+INDEX('imp-questions'!H:H, MATCH(A88, 'imp-questions'!A:A, 0))) -> A | F88: =IF(ISBLANK(Interview!F127),"",Interview!F127) | G88: =IFERROR(INDEX(INDIRECT("Ans" & E88 & "TBL"), MATCH(F88, INDEX(INDIRECT("Ans" & E88 & "TBL"), 0, 1), 0), 2), 0) -> 0 | J88: =F88 | K88: =IFERROR(INDEX(INDIRECT("Ans" & E88 & "TBL"), MATCH(J88, INDEX(INDIRECT("Ans" & E88 & "TBL"), 0, 1), 0), 2), 0) -> 0 | N88: =J88 | O88: =IFERROR(INDEX(INDIRECT("Ans" & E88 & "TBL"), MATCH(N88, INDEX(INDIRECT("Ans" & E88 & "TBL"), 0, 1), 0), 2), 0) -> 0 | R88: =N88 | S88: =IFERROR(INDEX(INDIRECT("Ans" & E88 & "TBL"), MATCH(R88, INDEX(INDIRECT("Ans" & E88 & "TBL"), 0, 1), 0), 2), 0) -> 0 | V88: =R88 | W88: =IFERROR(INDEX(INDIRECT("Ans" & E88 & "TBL"), MATCH(V88, INDEX(INDIRECT("Ans" & E88 & "TBL"), 0, 1), 0), 2), 0) -> 0
A89: =Interview!A129 -> I-SD-B-3-1 | C89: =INDEX('imp-questions'!E:E, MATCH(A89, 'imp-questions'!A:A, 0)) -> 3 | D89: =INDEX('imp-questions'!F:F, MATCH(A89, 'imp-questions'!A:A, 0)) -> Do you practice proper lifecycle management for application secrets? | E89: =CHAR(65+INDEX('imp-questions'!H:H, MATCH(A89, 'imp-questions'!A:A, 0))) -> A | F89: =IF(ISBLANK(Interview!F129),"",Interview!F129) | G89: =IFERROR(INDEX(INDIRECT("Ans" & E89 & "TBL"), MATCH(F89, INDEX(INDIRECT("Ans" & E89 & "TBL"), 0, 1), 0), 2), 0) -> 0 | J89: =F89 | K89: =IFERROR(INDEX(INDIRECT("Ans" & E89 & "TBL"), MATCH(J89, INDEX(INDIRECT("Ans" & E89 & "TBL"), 0, 1), 0), 2), 0) -> 0 | N89: =J89 | O89: =IFERROR(INDEX(INDIRECT("Ans" & E89 & "TBL"), MATCH(N89, INDEX(INDIRECT("Ans" & E89 & "TBL"), 0, 1), 0), 2), 0) -> 0 | R89: =N89 | S89: =IFERROR(INDEX(INDIRECT("Ans" & E89 & "TBL"), MATCH(R89, INDEX(INDIRECT("Ans" & E89 & "TBL"), 0, 1), 0), 2), 0) -> 0 | V89: =R89 | W89: =IFERROR(INDEX(INDIRECT("Ans" & E89 & "TBL"), MATCH(V89, INDEX(INDIRECT("Ans" & E89 & "TBL"), 0, 1), 0), 2), 0) -> 0
B91: Stream | C91: Level | D91: Defect Management | F91: Answer | I91: Rating | J91: Answer | M91: Rating | N91: Answer | Q91: Rating | R91: Answer | U91: Rating | V91: Answer | Y91: Rating | Z91: Gap vs Current
A92: =Interview!A132 -> I-DM-A-1-1 | B92: =INDEX('imp-questions'!D:D, MATCH(A92, 'imp-questions'!A:A, 0)) -> Defect Tracking | C92: =INDEX('imp-questions'!E:E, MATCH(A92, 'imp-questions'!A:A, 0)) -> 1 | D92: =INDEX('imp-questions'!F:F, MATCH(A92, 'imp-questions'!A:A, 0)) -> Do you track all known security defects in accessible locations? | E92: =CHAR(65+INDEX('imp-questions'!H:H, MATCH(A92, 'imp-questions'!A:A, 0))) -> A | F92: =IF(ISBLANK(Interview!F132),"",Interview!F132) | G92: =IFERROR(INDEX(INDIRECT("Ans" & E92 & "TBL"), MATCH(F92, INDEX(INDIRECT("Ans" & E92 & "TBL"), 0, 1), 0), 2), 0) -> 0 | H92: =IFERROR(AVERAGE(G92,G96),0) -> 0 | I92: =SUM(H92:H94) -> 0 | J92: =F92 | K92: =IFERROR(INDEX(INDIRECT("Ans" & E92 & "TBL"), MATCH(J92, INDEX(INDIRECT("Ans" & E92 & "TBL"), 0, 1), 0), 2), 0) -> 0 | L92: =IFERROR(AVERAGE(K92,K96),0) -> 0 | M92: =SUM(L92:L94) -> 0 | N92: =J92 | O92: =IFERROR(INDEX(INDIRECT("Ans" & E92 & "TBL"), MATCH(N92, INDEX(INDIRECT("Ans" & E92 & "TBL"), 0, 1), 0), 2), 0) -> 0 | P92: =IFERROR(AVERAGE(O92,O96),0) -> 0 | Q92: =SUM(P92:P94) -> 0 | R92: =N92 | S92: =IFERROR(INDEX(INDIRECT("Ans" & E92 & "TBL"), MATCH(R92, INDEX(INDIRECT("Ans" & E92 & "TBL"), 0, 1), 0), 2), 0) -> 0 | T92: =IFERROR(AVERAGE(S92,S96),0) -> 0 | U92: =SUM(T92:T94) -> 0 | V92: =R92 | W92: =IFERROR(INDEX(INDIRECT("Ans" & E92 & "TBL"), MATCH(V92, INDEX(INDIRECT("Ans" & E92 & "TBL"), 0, 1), 0), 2), 0) -> 0 | X92: =IFERROR(AVERAGE(W92,W96),0) -> 0 | Y92: =SUM(X92:X94) -> 0 | Z92: =IFERROR(Y92-I92,Y92-LEFT(I92,1)) -> 0
A93: =Interview!A134 -> I-DM-A-2-1 | C93: =INDEX('imp-questions'!E:E, MATCH(A93, 'imp-questions'!A:A, 0)) -> 2 | D93: =INDEX('imp-questions'!F:F, MATCH(A93, 'imp-questions'!A:A, 0)) -> Do you keep an overview of the state of security defects across the organization? | E93: =CHAR(65+INDEX('imp-questions'!H:H, MATCH(A93, 'imp-questions'!A:A, 0))) -> A | F93: =IF(ISBLANK(Interview!F134),"",Interview!F134) | G93: =IFERROR(INDEX(INDIRECT("Ans" & E93 & "TBL"), MATCH(F93, INDEX(INDIRECT("Ans" & E93 & "TBL"), 0, 1), 0), 2), 0) -> 0 | H93: =IFERROR(AVERAGE(G93,G97),0) -> 0 | J93: =F93 | K93: =IFERROR(INDEX(INDIRECT("Ans" & E93 & "TBL"), MATCH(J93, INDEX(INDIRECT("Ans" & E93 & "TBL"), 0, 1), 0), 2), 0) -> 0 | L93: =IFERROR(AVERAGE(K93,K97),0) -> 0 | N93: =J93 | O93: =IFERROR(INDEX(INDIRECT("Ans" & E93 & "TBL"), MATCH(N93, INDEX(INDIRECT("Ans" & E93 & "TBL"), 0, 1), 0), 2), 0) -> 0 | P93: =IFERROR(AVERAGE(O93,O97),0) -> 0 | R93: =N93 | S93: =IFERROR(INDEX(INDIRECT("Ans" & E93 & "TBL"), MATCH(R93, INDEX(INDIRECT("Ans" & E93 & "TBL"), 0, 1), 0), 2), 0) -> 0 | T93: =IFERROR(AVERAGE(S93,S97),0) -> 0 | V93: =R93 | W93: =IFERROR(INDEX(INDIRECT("Ans" & E93 & "TBL"), MATCH(V93, INDEX(INDIRECT("Ans" & E93 & "TBL"), 0, 1), 0), 2), 0) -> 0 | X93: =IFERROR(AVERAGE(W93,W97),0) -> 0
A94: =Interview!A136 -> I-DM-A-3-1 | C94: =INDEX('imp-questions'!E:E, MATCH(A94, 'imp-questions'!A:A, 0)) -> 3 | D94: =INDEX('imp-questions'!F:F, MATCH(A94, 'imp-questions'!A:A, 0)) -> Do you enforce SLAs for fixing security defects? | E94: =CHAR(65+INDEX('imp-questions'!H:H, MATCH(A94, 'imp-questions'!A:A, 0))) -> A | F94: =IF(ISBLANK(Interview!F136),"",Interview!F136) | G94: =IFERROR(INDEX(INDIRECT("Ans" & E94 & "TBL"), MATCH(F94, INDEX(INDIRECT("Ans" & E94 & "TBL"), 0, 1), 0), 2), 0) -> 0 | H94: =IFERROR(AVERAGE(G94,G98),0) -> 0 | J94: =F94 | K94: =IFERROR(INDEX(INDIRECT("Ans" & E94 & "TBL"), MATCH(J94, INDEX(INDIRECT("Ans" & E94 & "TBL"), 0, 1), 0), 2), 0) -> 0 | L94: =IFERROR(AVERAGE(K94,K98),0) -> 0 | N94: =J94 | O94: =IFERROR(INDEX(INDIRECT("Ans" & E94 & "TBL"), MATCH(N94, INDEX(INDIRECT("Ans" & E94 & "TBL"), 0, 1), 0), 2), 0) -> 0 | P94: =IFERROR(AVERAGE(O94,O98),0) -> 0 | R94: =N94 | S94: =IFERROR(INDEX(INDIRECT("Ans" & E94 & "TBL"), MATCH(R94, INDEX(INDIRECT("Ans" & E94 & "TBL"), 0, 1), 0), 2), 0) -> 0 | T94: =IFERROR(AVERAGE(S94,S98),0) -> 0 | V94: =R94 | W94: =IFERROR(INDEX(INDIRECT("Ans" & E94 & "TBL"), MATCH(V94, INDEX(INDIRECT("Ans" & E94 & "TBL"), 0, 1), 0), 2), 0) -> 0 | X94: =IFERROR(AVERAGE(W94,W98),0) -> 0
A96: =Interview!A139 -> I-DM-B-1-1 | B96: =INDEX('imp-questions'!D:D, MATCH(A96, 'imp-questions'!A:A, 0)) -> Metrics and Feedback | C96: =INDEX('imp-questions'!E:E, MATCH(A96, 'imp-questions'!A:A, 0)) -> 1 | D96: =INDEX('imp-questions'!F:F, MATCH(A96, 'imp-questions'!A:A, 0)) -> Do you use basic metrics about recorded security defects to carry out quick win improvement activities? | E96: =CHAR(65+INDEX('imp-questions'!H:H, MATCH(A96, 'imp-questions'!A:A, 0))) -> A | F96: =IF(ISBLANK(Interview!F139),"",Interview!F139) | G96: =IFERROR(INDEX(INDIRECT("Ans" & E96 & "TBL"), MATCH(F96, INDEX(INDIRECT("Ans" & E96 & "TBL"), 0, 1), 0), 2), 0) -> 0 | J96: =F96 | K96: =IFERROR(INDEX(INDIRECT("Ans" & E96 & "TBL"), MATCH(J96, INDEX(INDIRECT("Ans" & E96 & "TBL"), 0, 1), 0), 2), 0) -> 0 | N96: =J96 | O96: =IFERROR(INDEX(INDIRECT("Ans" & E96 & "TBL"), MATCH(N96, INDEX(INDIRECT("Ans" & E96 & "TBL"), 0, 1), 0), 2), 0) -> 0 | R96: =N96 | S96: =IFERROR(INDEX(INDIRECT("Ans" & E96 & "TBL"), MATCH(R96, INDEX(INDIRECT("Ans" & E96 & "TBL"), 0, 1), 0), 2), 0) -> 0 | V96: =R96 | W96: =IFERROR(INDEX(INDIRECT("Ans" & E96 & "TBL"), MATCH(V96, INDEX(INDIRECT("Ans" & E96 & "TBL"), 0, 1), 0), 2), 0) -> 0
A97: =Interview!A141 -> I-DM-B-2-1 | C97: =INDEX('imp-questions'!E:E, MATCH(A97, 'imp-questions'!A:A, 0)) -> 2 | D97: =INDEX('imp-questions'!F:F, MATCH(A97, 'imp-questions'!A:A, 0)) -> Do you improve your security assurance program upon standardized metrics? | E97: =CHAR(65+INDEX('imp-questions'!H:H, MATCH(A97, 'imp-questions'!A:A, 0))) -> A | F97: =IF(ISBLANK(Interview!F141),"",Interview!F141) | G97: =IFERROR(INDEX(INDIRECT("Ans" & E97 & "TBL"), MATCH(F97, INDEX(INDIRECT("Ans" & E97 & "TBL"), 0, 1), 0), 2), 0) -> 0 | J97: =F97 | K97: =IFERROR(INDEX(INDIRECT("Ans" & E97 & "TBL"), MATCH(J97, INDEX(INDIRECT("Ans" & E97 & "TBL"), 0, 1), 0), 2), 0) -> 0 | N97: =J97 | O97: =IFERROR(INDEX(INDIRECT("Ans" & E97 & "TBL"), MATCH(N97, INDEX(INDIRECT("Ans" & E97 & "TBL"), 0, 1), 0), 2), 0) -> 0 | R97: =N97 | S97: =IFERROR(INDEX(INDIRECT("Ans" & E97 & "TBL"), MATCH(R97, INDEX(INDIRECT("Ans" & E97 & "TBL"), 0, 1), 0), 2), 0) -> 0 | V97: =R97 | W97: =IFERROR(INDEX(INDIRECT("Ans" & E97 & "TBL"), MATCH(V97, INDEX(INDIRECT("Ans" & E97 & "TBL"), 0, 1), 0), 2), 0) -> 0
A98: =Interview!A143 -> I-DM-B-3-1 | C98: =INDEX('imp-questions'!E:E, MATCH(A98, 'imp-questions'!A:A, 0)) -> 3 | D98: =INDEX('imp-questions'!F:F, MATCH(A98, 'imp-questions'!A:A, 0)) -> Do you regularly evaluate the effectiveness of your security metrics so that its input helps drive your security strategy? | E98: =CHAR(65+INDEX('imp-questions'!H:H, MATCH(A98, 'imp-questions'!A:A, 0))) -> A | F98: =IF(ISBLANK(Interview!F143),"",Interview!F143) | G98: =IFERROR(INDEX(INDIRECT("Ans" & E98 & "TBL"), MATCH(F98, INDEX(INDIRECT("Ans" & E98 & "TBL"), 0, 1), 0), 2), 0) -> 0 | J98: =F98 | K98: =IFERROR(INDEX(INDIRECT("Ans" & E98 & "TBL"), MATCH(J98, INDEX(INDIRECT("Ans" & E98 & "TBL"), 0, 1), 0), 2), 0) -> 0 | N98: =J98 | O98: =IFERROR(INDEX(INDIRECT("Ans" & E98 & "TBL"), MATCH(N98, INDEX(INDIRECT("Ans" & E98 & "TBL"), 0, 1), 0), 2), 0) -> 0 | R98: =N98 | S98: =IFERROR(INDEX(INDIRECT("Ans" & E98 & "TBL"), MATCH(R98, INDEX(INDIRECT("Ans" & E98 & "TBL"), 0, 1), 0), 2), 0) -> 0 | V98: =R98 | W98: =IFERROR(INDEX(INDIRECT("Ans" & E98 & "TBL"), MATCH(V98, INDEX(INDIRECT("Ans" & E98 & "TBL"), 0, 1), 0), 2), 0) -> 0
B100: Verification | F100: Current | J100: Phase 1 | N100: Phase 2 | R100: Phase 3 | V100: Phase 4
B101: Stream | C101: Level | D101: Architecture Assessment | F101: Answer | I101: Rating | J101: Answer | M101: Rating | N101: Answer | Q101: Rating | R101: Answer | U101: Rating | V101: Answer | Y101: Rating | Z101: Gap vs Current
A102: =Interview!A147 -> V-AA-A-1-1 | B102: =INDEX('imp-questions'!D:D, MATCH(A102, 'imp-questions'!A:A, 0)) -> Architecture Validation | C102: =INDEX('imp-questions'!E:E, MATCH(A102, 'imp-questions'!A:A, 0)) -> 1 | D102: =INDEX('imp-questions'!F:F, MATCH(A102, 'imp-questions'!A:A, 0)) -> Do you review the application architecture for key security objectives on an ad-hoc basis? | E102: =CHAR(65+INDEX('imp-questions'!H:H, MATCH(A102, 'imp-questions'!A:A, 0))) -> A | F102: =IF(ISBLANK(Interview!F147),"",Interview!F147) | G102: =IFERROR(INDEX(INDIRECT("Ans" & E102 & "TBL"), MATCH(F102, INDEX(INDIRECT("Ans" & E102 & "TBL"), 0, 1), 0), 2), 0) -> 0 | H102: =IFERROR(AVERAGE(G102,G106),0) -> 0 | I102: =SUM(H102:H104) -> 0 | J102: =F102 | K102: =IFERROR(INDEX(INDIRECT("Ans" & E102 & "TBL"), MATCH(J102, INDEX(INDIRECT("Ans" & E102 & "TBL"), 0, 1), 0), 2), 0) -> 0 | L102: =IFERROR(AVERAGE(K102,K106),0) -> 0 | M102: =SUM(L102:L104) -> 0 | N102: =J102 | O102: =IFERROR(INDEX(INDIRECT("Ans" & E102 & "TBL"), MATCH(N102, INDEX(INDIRECT("Ans" & E102 & "TBL"), 0, 1), 0), 2), 0) -> 0 | P102: =IFERROR(AVERAGE(O102,O106),0) -> 0 | Q102: =SUM(P102:P104) -> 0 | R102: =N102 | S102: =IFERROR(INDEX(INDIRECT("Ans" & E102 & "TBL"), MATCH(R102, INDEX(INDIRECT("Ans" & E102 & "TBL"), 0, 1), 0), 2), 0) -> 0 | T102: =IFERROR(AVERAGE(S102,S106),0) -> 0 | U102: =SUM(T102:T104) -> 0 | V102: =R102 | W102: =IFERROR(INDEX(INDIRECT("Ans" & E102 & "TBL"), MATCH(V102, INDEX(INDIRECT("Ans" & E102 & "TBL"), 0, 1), 0), 2), 0) -> 0 | X102: =IFERROR(AVERAGE(W102,W106),0) -> 0 | Y102: =SUM(X102:X104) -> 0 | Z102: =IFERROR(Y102-I102,Y102-LEFT(I102,1)) -> 0
A103: =Interview!A149 -> V-AA-A-2-1 | C103: =INDEX('imp-questions'!E:E, MATCH(A103, 'imp-questions'!A:A, 0)) -> 2 | D103: =INDEX('imp-questions'!F:F, MATCH(A103, 'imp-questions'!A:A, 0)) -> Do you regularly review the security mechanisms of your architecture? | E103: =CHAR(65+INDEX('imp-questions'!H:H, MATCH(A103, 'imp-questions'!A:A, 0))) -> A | F103: =IF(ISBLANK(Interview!F149),"",Interview!F149) | G103: =IFERROR(INDEX(INDIRECT("Ans" & E103 & "TBL"), MATCH(F103, INDEX(INDIRECT("Ans" & E103 & "TBL"), 0, 1), 0), 2), 0) -> 0 | H103: =IFERROR(AVERAGE(G103,G107),0) -> 0 | J103: =F103 | K103: =IFERROR(INDEX(INDIRECT("Ans" & E103 & "TBL"), MATCH(J103, INDEX(INDIRECT("Ans" & E103 & "TBL"), 0, 1), 0), 2), 0) -> 0 | L103: =IFERROR(AVERAGE(K103,K107),0) -> 0 | N103: =J103 | O103: =IFERROR(INDEX(INDIRECT("Ans" & E103 & "TBL"), MATCH(N103, INDEX(INDIRECT("Ans" & E103 & "TBL"), 0, 1), 0), 2), 0) -> 0 | P103: =IFERROR(AVERAGE(O103,O107),0) -> 0 | R103: =N103 | S103: =IFERROR(INDEX(INDIRECT("Ans" & E103 & "TBL"), MATCH(R103, INDEX(INDIRECT("Ans" & E103 & "TBL"), 0, 1), 0), 2), 0) -> 0 | T103: =IFERROR(AVERAGE(S103,S107),0) -> 0 | V103: =R103 | W103: =IFERROR(INDEX(INDIRECT("Ans" & E103 & "TBL"), MATCH(V103, INDEX(INDIRECT("Ans" & E103 & "TBL"), 0, 1), 0), 2), 0) -> 0 | X103: =IFERROR(AVERAGE(W103,W107),0) -> 0
A104: =Interview!A151 -> V-AA-A-3-1 | C104: =INDEX('imp-questions'!E:E, MATCH(A104, 'imp-questions'!A:A, 0)) -> 3 | D104: =INDEX('imp-questions'!F:F, MATCH(A104, 'imp-questions'!A:A, 0)) -> Do you regularly review the effectiveness of the security controls? | E104: =CHAR(65+INDEX('imp-questions'!H:H, MATCH(A104, 'imp-questions'!A:A, 0))) -> A | F104: =IF(ISBLANK(Interview!F151),"",Interview!F151) | G104: =IFERROR(INDEX(INDIRECT("Ans" & E104 & "TBL"), MATCH(F104, INDEX(INDIRECT("Ans" & E104 & "TBL"), 0, 1), 0), 2), 0) -> 0 | H104: =IFERROR(AVERAGE(G104,G108),0) -> 0 | J104: =F104 | K104: =IFERROR(INDEX(INDIRECT("Ans" & E104 & "TBL"), MATCH(J104, INDEX(INDIRECT("Ans" & E104 & "TBL"), 0, 1), 0), 2), 0) -> 0 | L104: =IFERROR(AVERAGE(K104,K108),0) -> 0 | N104: =J104 | O104: =IFERROR(INDEX(INDIRECT("Ans" & E104 & "TBL"), MATCH(N104, INDEX(INDIRECT("Ans" & E104 & "TBL"), 0, 1), 0), 2), 0) -> 0 | P104: =IFERROR(AVERAGE(O104,O108),0) -> 0 | R104: =N104 | S104: =IFERROR(INDEX(INDIRECT("Ans" & E104 & "TBL"), MATCH(R104, INDEX(INDIRECT("Ans" & E104 & "TBL"), 0, 1), 0), 2), 0) -> 0 | T104: =IFERROR(AVERAGE(S104,S108),0) -> 0 | V104: =R104 | W104: =IFERROR(INDEX(INDIRECT("Ans" & E104 & "TBL"), MATCH(V104, INDEX(INDIRECT("Ans" & E104 & "TBL"), 0, 1), 0), 2), 0) -> 0 | X104: =IFERROR(AVERAGE(W104,W108),0) -> 0
A106: =Interview!A154 -> V-AA-B-1-1 | B106: =INDEX('imp-questions'!D:D, MATCH(A106, 'imp-questions'!A:A, 0)) -> Architecture Mitigation | C106: =INDEX('imp-questions'!E:E, MATCH(A106, 'imp-questions'!A:A, 0)) -> 1 | D106: =INDEX('imp-questions'!F:F, MATCH(A106, 'imp-questions'!A:A, 0)) -> Do you review the application architecture for mitigations of typical threats on an ad-hoc basis? | E106: =CHAR(65+INDEX('imp-questions'!H:H, MATCH(A106, 'imp-questions'!A:A, 0))) -> A | F106: =IF(ISBLANK(Interview!F154),"",Interview!F154) | G106: =IFERROR(INDEX(INDIRECT("Ans" & E106 & "TBL"), MATCH(F106, INDEX(INDIRECT("Ans" & E106 & "TBL"), 0, 1), 0), 2), 0) -> 0 | J106: =F106 | K106: =IFERROR(INDEX(INDIRECT("Ans" & E106 & "TBL"), MATCH(J106, INDEX(INDIRECT("Ans" & E106 & "TBL"), 0, 1), 0), 2), 0) -> 0 | N106: =J106 | O106: =IFERROR(INDEX(INDIRECT("Ans" & E106 & "TBL"), MATCH(N106, INDEX(INDIRECT("Ans" & E106 & "TBL"), 0, 1), 0), 2), 0) -> 0 | R106: =N106 | S106: =IFERROR(INDEX(INDIRECT("Ans" & E106 & "TBL"), MATCH(R106, INDEX(INDIRECT("Ans" & E106 & "TBL"), 0, 1), 0), 2), 0) -> 0 | V106: =R106 | W106: =IFERROR(INDEX(INDIRECT("Ans" & E106 & "TBL"), MATCH(V106, INDEX(INDIRECT("Ans" & E106 & "TBL"), 0, 1), 0), 2), 0) -> 0
A107: =Interview!A156 -> V-AA-B-2-1 | C107: =INDEX('imp-questions'!E:E, MATCH(A107, 'imp-questions'!A:A, 0)) -> 2 | D107: =INDEX('imp-questions'!F:F, MATCH(A107, 'imp-questions'!A:A, 0)) -> Do you regularly evaluate the threats to your architecture? | E107: =CHAR(65+INDEX('imp-questions'!H:H, MATCH(A107, 'imp-questions'!A:A, 0))) -> A | F107: =IF(ISBLANK(Interview!F156),"",Interview!F156) | G107: =IFERROR(INDEX(INDIRECT("Ans" & E107 & "TBL"), MATCH(F107, INDEX(INDIRECT("Ans" & E107 & "TBL"), 0, 1), 0), 2), 0) -> 0 | J107: =F107 | K107: =IFERROR(INDEX(INDIRECT("Ans" & E107 & "TBL"), MATCH(J107, INDEX(INDIRECT("Ans" & E107 & "TBL"), 0, 1), 0), 2), 0) -> 0 | N107: =J107 | O107: =IFERROR(INDEX(INDIRECT("Ans" & E107 & "TBL"), MATCH(N107, INDEX(INDIRECT("Ans" & E107 & "TBL"), 0, 1), 0), 2), 0) -> 0 | R107: =N107 | S107: =IFERROR(INDEX(INDIRECT("Ans" & E107 & "TBL"), MATCH(R107, INDEX(INDIRECT("Ans" & E107 & "TBL"), 0, 1), 0), 2), 0) -> 0 | V107: =R107 | W107: =IFERROR(INDEX(INDIRECT("Ans" & E107 & "TBL"), MATCH(V107, INDEX(INDIRECT("Ans" & E107 & "TBL"), 0, 1), 0), 2), 0) -> 0
A108: =Interview!A158 -> V-AA-B-3-1 | C108: =INDEX('imp-questions'!E:E, MATCH(A108, 'imp-questions'!A:A, 0)) -> 3 | D108: =INDEX('imp-questions'!F:F, MATCH(A108, 'imp-questions'!A:A, 0)) -> Do you regularly update your reference architectures based on architecture assessment findings? | E108: =CHAR(65+INDEX('imp-questions'!H:H, MATCH(A108, 'imp-questions'!A:A, 0))) -> A | F108: =IF(ISBLANK(Interview!F158),"",Interview!F158) | G108: =IFERROR(INDEX(INDIRECT("Ans" & E108 & "TBL"), MATCH(F108, INDEX(INDIRECT("Ans" & E108 & "TBL"), 0, 1), 0), 2), 0) -> 0 | J108: =F108 | K108: =IFERROR(INDEX(INDIRECT("Ans" & E108 & "TBL"), MATCH(J108, INDEX(INDIRECT("Ans" & E108 & "TBL"), 0, 1), 0), 2), 0) -> 0 | N108: =J108 | O108: =IFERROR(INDEX(INDIRECT("Ans" & E108 & "TBL"), MATCH(N108, INDEX(INDIRECT("Ans" & E108 & "TBL"), 0, 1), 0), 2), 0) -> 0 | R108: =N108 | S108: =IFERROR(INDEX(INDIRECT("Ans" & E108 & "TBL"), MATCH(R108, INDEX(INDIRECT("Ans" & E108 & "TBL"), 0, 1), 0), 2), 0) -> 0 | V108: =R108 | W108: =IFERROR(INDEX(INDIRECT("Ans" & E108 & "TBL"), MATCH(V108, INDEX(INDIRECT("Ans" & E108 & "TBL"), 0, 1), 0), 2), 0) -> 0
B110: Stream | C110: Level | D110: Requirements Testing | F110: Answer | I110: Rating | J110: Answer | M110: Rating | N110: Answer | Q110: Rating | R110: Answer | U110: Rating | V110: Answer | Y110: Rating | Z110: Gap vs Current
A111: =Interview!A161 -> V-RT-A-1-1 | B111: =INDEX('imp-questions'!D:D, MATCH(A111, 'imp-questions'!A:A, 0)) -> Control Verification | C111: =INDEX('imp-questions'!E:E, MATCH(A111, 'imp-questions'!A:A, 0)) -> 1 | D111: =INDEX('imp-questions'!F:F, MATCH(A111, 'imp-questions'!A:A, 0)) -> Do you test applications for the correct functioning of standard security controls? | E111: =CHAR(65+INDEX('imp-questions'!H:H, MATCH(A111, 'imp-questions'!A:A, 0))) -> B | F111: =IF(ISBLANK(Interview!F161),"",Interview!F161) | G111: =IFERROR(INDEX(INDIRECT("Ans" & E111 & "TBL"), MATCH(F111, INDEX(INDIRECT("Ans" & E111 & "TBL"), 0, 1), 0), 2), 0) -> 0 | H111: =IFERROR(AVERAGE(G111,G115),0) -> 0 | I111: =SUM(H111:H113) -> 0 | J111: =F111 | K111: =IFERROR(INDEX(INDIRECT("Ans" & E111 & "TBL"), MATCH(J111, INDEX(INDIRECT("Ans" & E111 & "TBL"), 0, 1), 0), 2), 0) -> 0 | L111: =IFERROR(AVERAGE(K111,K115),0) -> 0 | M111: =SUM(L111:L113) -> 0 | N111: =J111 | O111: =IFERROR(INDEX(INDIRECT("Ans" & E111 & "TBL"), MATCH(N111, INDEX(INDIRECT("Ans" & E111 & "TBL"), 0, 1), 0), 2), 0) -> 0 | P111: =IFERROR(AVERAGE(O111,O115),0) -> 0 | Q111: =SUM(P111:P113) -> 0 | R111: =N111 | S111: =IFERROR(INDEX(INDIRECT("Ans" & E111 & "TBL"), MATCH(R111, INDEX(INDIRECT("Ans" & E111 & "TBL"), 0, 1), 0), 2), 0) -> 0 | T111: =IFERROR(AVERAGE(S111,S115),0) -> 0 | U111: =SUM(T111:T113) -> 0 | V111: =R111 | W111: =IFERROR(INDEX(INDIRECT("Ans" & E111 & "TBL"), MATCH(V111, INDEX(INDIRECT("Ans" & E111 & "TBL"), 0, 1), 0), 2), 0) -> 0 | X111: =IFERROR(AVERAGE(W111,W115),0) -> 0 | Y111: =SUM(X111:X113) -> 0 | Z111: =IFERROR(Y111-I111,Y111-LEFT(I111,1)) -> 0
A112: =Interview!A163 -> V-RT-A-2-1 | C112: =INDEX('imp-questions'!E:E, MATCH(A112, 'imp-questions'!A:A, 0)) -> 2 | D112: =INDEX('imp-questions'!F:F, MATCH(A112, 'imp-questions'!A:A, 0)) -> Do you consistently write and execute test scripts to verify the functionality of security requirements? | E112: =CHAR(65+INDEX('imp-questions'!H:H, MATCH(A112, 'imp-questions'!A:A, 0))) -> B | F112: =IF(ISBLANK(Interview!F163),"",Interview!F163) | G112: =IFERROR(INDEX(INDIRECT("Ans" & E112 & "TBL"), MATCH(F112, INDEX(INDIRECT("Ans" & E112 & "TBL"), 0, 1), 0), 2), 0) -> 0 | H112: =IFERROR(AVERAGE(G112,G116),0) -> 0 | J112: =F112 | K112: =IFERROR(INDEX(INDIRECT("Ans" & E112 & "TBL"), MATCH(J112, INDEX(INDIRECT("Ans" & E112 & "TBL"), 0, 1), 0), 2), 0) -> 0 | L112: =IFERROR(AVERAGE(K112,K116),0) -> 0 | N112: =J112 | O112: =IFERROR(INDEX(INDIRECT("Ans" & E112 & "TBL"), MATCH(N112, INDEX(INDIRECT("Ans" & E112 & "TBL"), 0, 1), 0), 2), 0) -> 0 | P112: =IFERROR(AVERAGE(O112,O116),0) -> 0 | R112: =N112 | S112: =IFERROR(INDEX(INDIRECT("Ans" & E112 & "TBL"), MATCH(R112, INDEX(INDIRECT("Ans" & E112 & "TBL"), 0, 1), 0), 2), 0) -> 0 | T112: =IFERROR(AVERAGE(S112,S116),0) -> 0 | V112: =R112 | W112: =IFERROR(INDEX(INDIRECT("Ans" & E112 & "TBL"), MATCH(V112, INDEX(INDIRECT("Ans" & E112 & "TBL"), 0, 1), 0), 2), 0) -> 0 | X112: =IFERROR(AVERAGE(W112,W116),0) -> 0
A113: =Interview!A165 -> V-RT-A-3-1 | C113: =INDEX('imp-questions'!E:E, MATCH(A113, 'imp-questions'!A:A, 0)) -> 3 | D113: =INDEX('imp-questions'!F:F, MATCH(A113, 'imp-questions'!A:A, 0)) -> Do you automatically test applications for security regressions? | E113: =CHAR(65+INDEX('imp-questions'!H:H, MATCH(A113, 'imp-questions'!A:A, 0))) -> A | F113: =IF(ISBLANK(Interview!F165),"",Interview!F165) | G113: =IFERROR(INDEX(INDIRECT("Ans" & E113 & "TBL"), MATCH(F113, INDEX(INDIRECT("Ans" & E113 & "TBL"), 0, 1), 0), 2), 0) -> 0 | H113: =IFERROR(AVERAGE(G113,G117),0) -> 0 | J113: =F113 | K113: =IFERROR(INDEX(INDIRECT("Ans" & E113 & "TBL"), MATCH(J113, INDEX(INDIRECT("Ans" & E113 & "TBL"), 0, 1), 0), 2), 0) -> 0 | L113: =IFERROR(AVERAGE(K113,K117),0) -> 0 | N113: =J113 | O113: =IFERROR(INDEX(INDIRECT("Ans" & E113 & "TBL"), MATCH(N113, INDEX(INDIRECT("Ans" & E113 & "TBL"), 0, 1), 0), 2), 0) -> 0 | P113: =IFERROR(AVERAGE(O113,O117),0) -> 0 | R113: =N113 | S113: =IFERROR(INDEX(INDIRECT("Ans" & E113 & "TBL"), MATCH(R113, INDEX(INDIRECT("Ans" & E113 & "TBL"), 0, 1), 0), 2), 0) -> 0 | T113: =IFERROR(AVERAGE(S113,S117),0) -> 0 | V113: =R113 | W113: =IFERROR(INDEX(INDIRECT("Ans" & E113 & "TBL"), MATCH(V113, INDEX(INDIRECT("Ans" & E113 & "TBL"), 0, 1), 0), 2), 0) -> 0 | X113: =IFERROR(AVERAGE(W113,W117),0) -> 0
A115: =Interview!A168 -> V-RT-B-1-1 | B115: =INDEX('imp-questions'!D:D, MATCH(A115, 'imp-questions'!A:A, 0)) -> Misuse/Abuse Testing | C115: =INDEX('imp-questions'!E:E, MATCH(A115, 'imp-questions'!A:A, 0)) -> 1 | D115: =INDEX('imp-questions'!F:F, MATCH(A115, 'imp-questions'!A:A, 0)) -> Do you test applications using randomization or fuzzing techniques? | E115: =CHAR(65+INDEX('imp-questions'!H:H, MATCH(A115, 'imp-questions'!A:A, 0))) -> A | F115: =IF(ISBLANK(Interview!F168),"",Interview!F168) | G115: =IFERROR(INDEX(INDIRECT("Ans" & E115 & "TBL"), MATCH(F115, INDEX(INDIRECT("Ans" & E115 & "TBL"), 0, 1), 0), 2), 0) -> 0 | J115: =F115 | K115: =IFERROR(INDEX(INDIRECT("Ans" & E115 & "TBL"), MATCH(J115, INDEX(INDIRECT("Ans" & E115 & "TBL"), 0, 1), 0), 2), 0) -> 0 | N115: =J115 | O115: =IFERROR(INDEX(INDIRECT("Ans" & E115 & "TBL"), MATCH(N115, INDEX(INDIRECT("Ans" & E115 & "TBL"), 0, 1), 0), 2), 0) -> 0 | R115: =N115 | S115: =IFERROR(INDEX(INDIRECT("Ans" & E115 & "TBL"), MATCH(R115, INDEX(INDIRECT("Ans" & E115 & "TBL"), 0, 1), 0), 2), 0) -> 0 | V115: =R115 | W115: =IFERROR(INDEX(INDIRECT("Ans" & E115 & "TBL"), MATCH(V115, INDEX(INDIRECT("Ans" & E115 & "TBL"), 0, 1), 0), 2), 0) -> 0
A116: =Interview!A170 -> V-RT-B-2-1 | C116: =INDEX('imp-questions'!E:E, MATCH(A116, 'imp-questions'!A:A, 0)) -> 2 | D116: =INDEX('imp-questions'!F:F, MATCH(A116, 'imp-questions'!A:A, 0)) -> Do you create abuse cases from functional requirements and use them to drive security tests? | E116: =CHAR(65+INDEX('imp-questions'!H:H, MATCH(A116, 'imp-questions'!A:A, 0))) -> E | F116: =IF(ISBLANK(Interview!F170),"",Interview!F170) | G116: =IFERROR(INDEX(INDIRECT("Ans" & E116 & "TBL"), MATCH(F116, INDEX(INDIRECT("Ans" & E116 & "TBL"), 0, 1), 0), 2), 0) -> 0 | J116: =F116 | K116: =IFERROR(INDEX(INDIRECT("Ans" & E116 & "TBL"), MATCH(J116, INDEX(INDIRECT("Ans" & E116 & "TBL"), 0, 1), 0), 2), 0) -> 0 | N116: =J116 | O116: =IFERROR(INDEX(INDIRECT("Ans" & E116 & "TBL"), MATCH(N116, INDEX(INDIRECT("Ans" & E116 & "TBL"), 0, 1), 0), 2), 0) -> 0 | R116: =N116 | S116: =IFERROR(INDEX(INDIRECT("Ans" & E116 & "TBL"), MATCH(R116, INDEX(INDIRECT("Ans" & E116 & "TBL"), 0, 1), 0), 2), 0) -> 0 | V116: =R116 | W116: =IFERROR(INDEX(INDIRECT("Ans" & E116 & "TBL"), MATCH(V116, INDEX(INDIRECT("Ans" & E116 & "TBL"), 0, 1), 0), 2), 0) -> 0
A117: =Interview!A172 -> V-RT-B-3-1 | C117: =INDEX('imp-questions'!E:E, MATCH(A117, 'imp-questions'!A:A, 0)) -> 3 | D117: =INDEX('imp-questions'!F:F, MATCH(A117, 'imp-questions'!A:A, 0)) -> Do you perform denial of service and security stress testing? | E117: =CHAR(65+INDEX('imp-questions'!H:H, MATCH(A117, 'imp-questions'!A:A, 0))) -> E | F117: =IF(ISBLANK(Interview!F172),"",Interview!F172) | G117: =IFERROR(INDEX(INDIRECT("Ans" & E117 & "TBL"), MATCH(F117, INDEX(INDIRECT("Ans" & E117 & "TBL"), 0, 1), 0), 2), 0) -> 0 | J117: =F117 | K117: =IFERROR(INDEX(INDIRECT("Ans" & E117 & "TBL"), MATCH(J117, INDEX(INDIRECT("Ans" & E117 & "TBL"), 0, 1), 0), 2), 0) -> 0 | N117: =J117 | O117: =IFERROR(INDEX(INDIRECT("Ans" & E117 & "TBL"), MATCH(N117, INDEX(INDIRECT("Ans" & E117 & "TBL"), 0, 1), 0), 2), 0) -> 0 | R117: =N117 | S117: =IFERROR(INDEX(INDIRECT("Ans" & E117 & "TBL"), MATCH(R117, INDEX(INDIRECT("Ans" & E117 & "TBL"), 0, 1), 0), 2), 0) -> 0 | V117: =R117 | W117: =IFERROR(INDEX(INDIRECT("Ans" & E117 & "TBL"), MATCH(V117, INDEX(INDIRECT("Ans" & E117 & "TBL"), 0, 1), 0), 2), 0) -> 0
B119: Stream | C119: Level | D119: Security Testing | F119: Answer | I119: Rating | J119: Answer | M119: Rating | N119: Answer | Q119: Rating | R119: Answer | U119: Rating | V119: Answer | Y119: Rating | Z119: Gap vs Current
A120: =Interview!A175 -> V-ST-A-1-1 | B120: =INDEX('imp-questions'!D:D, MATCH(A120, 'imp-questions'!A:A, 0)) -> Scalable Baseline | C120: =INDEX('imp-questions'!E:E, MATCH(A120, 'imp-questions'!A:A, 0)) -> 1 | D120: =INDEX('imp-questions'!F:F, MATCH(A120, 'imp-questions'!A:A, 0)) -> Do you scan applications with automated security testing tools? | E120: =CHAR(65+INDEX('imp-questions'!H:H, MATCH(A120, 'imp-questions'!A:A, 0))) -> B | F120: =IF(ISBLANK(Interview!F175),"",Interview!F175) | G120: =IFERROR(INDEX(INDIRECT("Ans" & E120 & "TBL"), MATCH(F120, INDEX(INDIRECT("Ans" & E120 & "TBL"), 0, 1), 0), 2), 0) -> 0 | H120: =IFERROR(AVERAGE(G120,G124),0) -> 0 | I120: =SUM(H120:H122) -> 0 | J120: =F120 | K120: =IFERROR(INDEX(INDIRECT("Ans" & E120 & "TBL"), MATCH(J120, INDEX(INDIRECT("Ans" & E120 & "TBL"), 0, 1), 0), 2), 0) -> 0 | L120: =IFERROR(AVERAGE(K120,K124),0) -> 0 | M120: =SUM(L120:L122) -> 0 | N120: =J120 | O120: =IFERROR(INDEX(INDIRECT("Ans" & E120 & "TBL"), MATCH(N120, INDEX(INDIRECT("Ans" & E120 & "TBL"), 0, 1), 0), 2), 0) -> 0 | P120: =IFERROR(AVERAGE(O120,O124),0) -> 0 | Q120: =SUM(P120:P122) -> 0 | R120: =N120 | S120: =IFERROR(INDEX(INDIRECT("Ans" & E120 & "TBL"), MATCH(R120, INDEX(INDIRECT("Ans" & E120 & "TBL"), 0, 1), 0), 2), 0) -> 0 | T120: =IFERROR(AVERAGE(S120,S124),0) -> 0 | U120: =SUM(T120:T122) -> 0 | V120: =R120 | W120: =IFERROR(INDEX(INDIRECT("Ans" & E120 & "TBL"), MATCH(V120, INDEX(INDIRECT("Ans" & E120 & "TBL"), 0, 1), 0), 2), 0) -> 0 | X120: =IFERROR(AVERAGE(W120,W124),0) -> 0 | Y120: =SUM(X120:X122) -> 0 | Z120: =IFERROR(Y120-I120,Y120-LEFT(I120,1)) -> 0
A121: =Interview!A177 -> V-ST-A-2-1 | C121: =INDEX('imp-questions'!E:E, MATCH(A121, 'imp-questions'!A:A, 0)) -> 2 | D121: =INDEX('imp-questions'!F:F, MATCH(A121, 'imp-questions'!A:A, 0)) -> Do you customize the automated security tools to your applications and technology stacks? | E121: =CHAR(65+INDEX('imp-questions'!H:H, MATCH(A121, 'imp-questions'!A:A, 0))) -> B | F121: =IF(ISBLANK(Interview!F177),"",Interview!F177) | G121: =IFERROR(INDEX(INDIRECT("Ans" & E121 & "TBL"), MATCH(F121, INDEX(INDIRECT("Ans" & E121 & "TBL"), 0, 1), 0), 2), 0) -> 0 | H121: =IFERROR(AVERAGE(G121,G125),0) -> 0 | J121: =F121 | K121: =IFERROR(INDEX(INDIRECT("Ans" & E121 & "TBL"), MATCH(J121, INDEX(INDIRECT("Ans" & E121 & "TBL"), 0, 1), 0), 2), 0) -> 0 | L121: =IFERROR(AVERAGE(K121,K125),0) -> 0 | N121: =J121 | O121: =IFERROR(INDEX(INDIRECT("Ans" & E121 & "TBL"), MATCH(N121, INDEX(INDIRECT("Ans" & E121 & "TBL"), 0, 1), 0), 2), 0) -> 0 | P121: =IFERROR(AVERAGE(O121,O125),0) -> 0 | R121: =N121 | S121: =IFERROR(INDEX(INDIRECT("Ans" & E121 & "TBL"), MATCH(R121, INDEX(INDIRECT("Ans" & E121 & "TBL"), 0, 1), 0), 2), 0) -> 0 | T121: =IFERROR(AVERAGE(S121,S125),0) -> 0 | V121: =R121 | W121: =IFERROR(INDEX(INDIRECT("Ans" & E121 & "TBL"), MATCH(V121, INDEX(INDIRECT("Ans" & E121 & "TBL"), 0, 1), 0), 2), 0) -> 0 | X121: =IFERROR(AVERAGE(W121,W125),0) -> 0
A122: =Interview!A179 -> V-ST-A-3-1 | C122: =INDEX('imp-questions'!E:E, MATCH(A122, 'imp-questions'!A:A, 0)) -> 3 | D122: =INDEX('imp-questions'!F:F, MATCH(A122, 'imp-questions'!A:A, 0)) -> Do you integrate automated security testing into the build and deploy process? | E122: =CHAR(65+INDEX('imp-questions'!H:H, MATCH(A122, 'imp-questions'!A:A, 0))) -> W | F122: =IF(ISBLANK(Interview!F179),"",Interview!F179) | G122: =IFERROR(INDEX(INDIRECT("Ans" & E122 & "TBL"), MATCH(F122, INDEX(INDIRECT("Ans" & E122 & "TBL"), 0, 1), 0), 2), 0) -> 0 | H122: =IFERROR(AVERAGE(G122,G126),0) -> 0 | J122: =F122 | K122: =IFERROR(INDEX(INDIRECT("Ans" & E122 & "TBL"), MATCH(J122, INDEX(INDIRECT("Ans" & E122 & "TBL"), 0, 1), 0), 2), 0) -> 0 | L122: =IFERROR(AVERAGE(K122,K126),0) -> 0 | N122: =J122 | O122: =IFERROR(INDEX(INDIRECT("Ans" & E122 & "TBL"), MATCH(N122, INDEX(INDIRECT("Ans" & E122 & "TBL"), 0, 1), 0), 2), 0) -> 0 | P122: =IFERROR(AVERAGE(O122,O126),0) -> 0 | R122: =N122 | S122: =IFERROR(INDEX(INDIRECT("Ans" & E122 & "TBL"), MATCH(R122, INDEX(INDIRECT("Ans" & E122 & "TBL"), 0, 1), 0), 2), 0) -> 0 | T122: =IFERROR(AVERAGE(S122,S126),0) -> 0 | V122: =R122 | W122: =IFERROR(INDEX(INDIRECT("Ans" & E122 & "TBL"), MATCH(V122, INDEX(INDIRECT("Ans" & E122 & "TBL"), 0, 1), 0), 2), 0) -> 0 | X122: =IFERROR(AVERAGE(W122,W126),0) -> 0
A124: =Interview!A182 -> V-ST-B-1-1 | B124: =INDEX('imp-questions'!D:D, MATCH(A124, 'imp-questions'!A:A, 0)) -> Deep Understanding | C124: =INDEX('imp-questions'!E:E, MATCH(A124, 'imp-questions'!A:A, 0)) -> 1 | D124: =INDEX('imp-questions'!F:F, MATCH(A124, 'imp-questions'!A:A, 0)) -> Do you manually review the security quality of selected high-risk components? | E124: =CHAR(65+INDEX('imp-questions'!H:H, MATCH(A124, 'imp-questions'!A:A, 0))) -> G | F124: =IF(ISBLANK(Interview!F182),"",Interview!F182) | G124: =IFERROR(INDEX(INDIRECT("Ans" & E124 & "TBL"), MATCH(F124, INDEX(INDIRECT("Ans" & E124 & "TBL"), 0, 1), 0), 2), 0) -> 0 | J124: =F124 | K124: =IFERROR(INDEX(INDIRECT("Ans" & E124 & "TBL"), MATCH(J124, INDEX(INDIRECT("Ans" & E124 & "TBL"), 0, 1), 0), 2), 0) -> 0 | N124: =J124 | O124: =IFERROR(INDEX(INDIRECT("Ans" & E124 & "TBL"), MATCH(N124, INDEX(INDIRECT("Ans" & E124 & "TBL"), 0, 1), 0), 2), 0) -> 0 | R124: =N124 | S124: =IFERROR(INDEX(INDIRECT("Ans" & E124 & "TBL"), MATCH(R124, INDEX(INDIRECT("Ans" & E124 & "TBL"), 0, 1), 0), 2), 0) -> 0 | V124: =R124 | W124: =IFERROR(INDEX(INDIRECT("Ans" & E124 & "TBL"), MATCH(V124, INDEX(INDIRECT("Ans" & E124 & "TBL"), 0, 1), 0), 2), 0) -> 0
A125: =Interview!A184 -> V-ST-B-2-1 | C125: =INDEX('imp-questions'!E:E, MATCH(A125, 'imp-questions'!A:A, 0)) -> 2 | D125: =INDEX('imp-questions'!F:F, MATCH(A125, 'imp-questions'!A:A, 0)) -> Do you perform penetration testing for your applications at regular intervals? | E125: =CHAR(65+INDEX('imp-questions'!H:H, MATCH(A125, 'imp-questions'!A:A, 0))) -> A | F125: =IF(ISBLANK(Interview!F184),"",Interview!F184) | G125: =IFERROR(INDEX(INDIRECT("Ans" & E125 & "TBL"), MATCH(F125, INDEX(INDIRECT("Ans" & E125 & "TBL"), 0, 1), 0), 2), 0) -> 0 | J125: =F125 | K125: =IFERROR(INDEX(INDIRECT("Ans" & E125 & "TBL"), MATCH(J125, INDEX(INDIRECT("Ans" & E125 & "TBL"), 0, 1), 0), 2), 0) -> 0 | N125: =J125 | O125: =IFERROR(INDEX(INDIRECT("Ans" & E125 & "TBL"), MATCH(N125, INDEX(INDIRECT("Ans" & E125 & "TBL"), 0, 1), 0), 2), 0) -> 0 | R125: =N125 | S125: =IFERROR(INDEX(INDIRECT("Ans" & E125 & "TBL"), MATCH(R125, INDEX(INDIRECT("Ans" & E125 & "TBL"), 0, 1), 0), 2), 0) -> 0 | V125: =R125 | W125: =IFERROR(INDEX(INDIRECT("Ans" & E125 & "TBL"), MATCH(V125, INDEX(INDIRECT("Ans" & E125 & "TBL"), 0, 1), 0), 2), 0) -> 0
...

Sheet Roadmap Chart
A1: Notes: Data in this worksheet is automatically imported from the Interview and Roadmap worksheets and will automatically update when changed in the respective worksheets. This is mostly a read-only worksheet, changes should be made in Interview or Roadmap worksheets.
A3: Software Assurance Maturity Model (SAMM) Roadmap | L3: =A3 -> Software Assurance Maturity Model (SAMM) Roadmap
A4: Organization: | B4: =IF(ISBLANK(Interview!D10),"",Interview!D10) | L4: =B4
A5: Team/Application: | B5: =IF(ISBLANK(Interview!D11),"",Interview!D11) | L5: =B5
A6: Date | B6: =IF(ISBLANK(Interview!D12),"",Interview!D12) | L6: =B6
A7: Team Lead: | B7: =IF(ISBLANK(Interview!D13),"",Interview!D13)
A8: Contributors: | B8: =IF(ISBLANK(Interview!D14),"",Interview!D14)
A10: Source Data | B10: As-Is | I10: To-Be | L10: Security Practice
A11: Security Practices/Phase | B11: Start | C11: Phase 1 | D11: After 1 | E11: Phase 2 | F11: After 2 | G11: Phase 3 | H11: May | I11: Phase 4 | J11: After 4 | K11: Current GAP | O11: =C11 -> Phase 1 | Q11: =E11 -> Phase 2 | S11: =G11 -> Phase 3 | U11: =I11 -> Phase 4 | AA11: =I11 -> Phase 4 | AB11: =G11 -> Phase 3 | AC11: =E11 -> Phase 2 | AD11: =C11 -> Phase 1 | AE11: =B11 -> Start
A12: Strategy & Metrics | B12: =IF(ISNUMBER(Interview!$J$18),Interview!$J$18,SUM(LEFT(Interview!$J$18),".5")) -> 0 | C12: =Roadmap!M18 -> 0 | D12: =C12 -> 0 | E12: =Roadmap!Q18 -> 0 | F12: =E12 -> 0 | G12: =Roadmap!U18 -> 0 | H12: =G12 -> 0 | I12: =Roadmap!Y18 -> 0 | J12: =I12 -> 0 | K12: =IFERROR(I12-B12,I12-LEFT(B12,1)) -> 0 | Z12: =A12 -> Strategy & Metrics | AA12: =I12 -> 0 | AB12: =G12 -> 0 | AC12: =E12 -> 0 | AD12: =C12 -> 0 | AE12: =B12 -> 0
A13: Policy & Compliance | B13: =IF(ISNUMBER(Interview!$J$32),Interview!$J$32,SUM(LEFT(Interview!$J$32),".5")) -> 0 | C13: =Roadmap!M27 -> 0 | D13: =C13 -> 0 | E13: =Roadmap!Q27 -> 0 | F13: =E13 -> 0 | G13: =Roadmap!U27 -> 0 | H13: =G13 -> 0 | I13: =Roadmap!Y27 -> 0 | J13: =I13 -> 0 | K13: =IFERROR(I13-B13,I13-LEFT(B13,1)) -> 0 | Z13: =A13 -> Policy & Compliance | AA13: =I13 -> 0 | AB13: =G13 -> 0 | AC13: =E13 -> 0 | AD13: =C13 -> 0 | AE13: =B13 -> 0
A14: Education & Guidance | B14: =IF(ISNUMBER(Interview!$J$46),Interview!$J$46,SUM(LEFT(Interview!$J$46),".5")) -> 0 | C14: =Roadmap!M36 -> 0 | D14: =C14 -> 0 | E14: =Roadmap!Q36 -> 0 | F14: =E14 -> 0 | G14: =Roadmap!U36 -> 0 | H14: =G14 -> 0 | I14: =Roadmap!Y36 -> 0 | J14: =I14 -> 0 | K14: =IFERROR(I14-B14,I14-LEFT(B14,1)) -> 0 | Z14: =A14 -> Education & Guidance | AA14: =I14 -> 0 | AB14: =G14 -> 0 | AC14: =E14 -> 0 | AD14: =C14 -> 0 | AE14: =B14 -> 0
A15: Threat Assessment | B15: =IF(ISNUMBER(Interview!$J$61),Interview!$J$61,SUM(LEFT(Interview!$J$61),".5")) -> 0 | C15: =Roadmap!M46 -> 0 | D15: =C15 -> 0 | E15: =Roadmap!Q46 -> 0 | F15: =E15 -> 0 | G15: =Roadmap!U46 -> 0 | H15: =G15 -> 0 | I15: =Roadmap!Y46 -> 0 | J15: =I15 -> 0 | K15: =IFERROR(I15-B15,I15-LEFT(B15,1)) -> 0 | L15: =A12 -> Strategy & Metrics | Z15: =A15 -> Threat Assessment | AA15: =I15 -> 0 | AB15: =G15 -> 0 | AC15: =E15 -> 0 | AD15: =C15 -> 0 | AE15: =B15 -> 0
A16: Security Requirements | B16: =IF(ISNUMBER(Interview!$J75),Interview!$J$75,SUM(LEFT(Interview!$J$75),".5")) -> 0 | C16: =Roadmap!M55 -> 0 | D16: =C16 -> 0 | E16: =Roadmap!Q55 -> 0 | F16: =E16 -> 0 | G16: =Roadmap!U55 -> 0 | H16: =G16 -> 0 | I16: =Roadmap!Y55 -> 0 | J16: =I16 -> 0 | K16: =IFERROR(I16-B16,I16-LEFT(B16,1)) -> 0 | Z16: =A16 -> Security Requirements | AA16: =I16 -> 0 | AB16: =G16 -> 0 | AC16: =E16 -> 0 | AD16: =C16 -> 0 | AE16: =B16 -> 0
A17: Secure Architecture | B17: =IF(ISNUMBER(Interview!$J$89),Interview!$J$89,SUM(LEFT(Interview!$J$89),".5")) -> 0 | C17: =Roadmap!M64 -> 0 | D17: =C17 -> 0 | E17: =Roadmap!Q64 -> 0 | F17: =E17 -> 0 | G17: =Roadmap!U64 -> 0 | H17: =G17 -> 0 | I17: =Roadmap!Y64 -> 0 | J17: =I17 -> 0 | K17: =IFERROR(I17-B17,I17-LEFT(B17,1)) -> 0 | Z17: =A17 -> Secure Architecture | AA17: =I17 -> 0 | AB17: =G17 -> 0 | AC17: =E17 -> 0 | AD17: =C17 -> 0 | AE17: =B17 -> 0
A18: Secure Build | B18: =IF(ISNUMBER(Interview!$J$104),Interview!$J$104,SUM(LEFT(Interview!$J$104),".5")) -> 0 | C18: =Roadmap!M74 -> 0 | D18: =C18 -> 0 | E18: =Roadmap!Q74 -> 0 | F18: =E18 -> 0 | G18: =Roadmap!U74 -> 0 | H18: =G18 -> 0 | I18: =Roadmap!Y74 -> 0 | J18: =I18 -> 0 | K18: =IFERROR(I18-B18,I18-LEFT(B18,1)) -> 0 | Z18: =A18 -> Secure Build | AA18: =I18 -> 0 | AB18: =G18 -> 0 | AC18: =E18 -> 0 | AD18: =C18 -> 0 | AE18: =B18 -> 0
A19: Secure Deployment | B19: =IF(ISNUMBER(Interview!$J$118),Interview!$J$118,SUM(LEFT(Interview!$J$118),".5")) -> 0 | C19: =Roadmap!M83 -> 0 | D19: =C19 -> 0 | E19: =Roadmap!Q83 -> 0 | F19: =E19 -> 0 | G19: =Roadmap!U83 -> 0 | H19: =G19 -> 0 | I19: =Roadmap!Y83 -> 0 | J19: =I19 -> 0 | K19: =IFERROR(I19-B19,I19-LEFT(B19,1)) -> 0 | Z19: =A19 -> Secure Deployment | AA19: =I19 -> 0 | AB19: =G19 -> 0 | AC19: =E19 -> 0 | AD19: =C19 -> 0 | AE19: =B19 -> 0
A20: Defect Management | B20: =IF(ISNUMBER(Interview!$J$132),Interview!$J$132,SUM(LEFT(Interview!$J$132),".5")) -> 0 | C20: =Roadmap!M92 -> 0 | D20: =C20 -> 0 | E20: =Roadmap!Q92 -> 0 | F20: =E20 -> 0 | G20: =Roadmap!U92 -> 0 | H20: =G20 -> 0 | I20: =Roadmap!Y92 -> 0 | J20: =I20 -> 0 | K20: =IFERROR(I20-B20,I20-LEFT(B20,1)) -> 0 | Z20: =A20 -> Defect Management | AA20: =I20 -> 0 | AB20: =G20 -> 0 | AC20: =E20 -> 0 | AD20: =C20 -> 0 | AE20: =B20 -> 0
A21: Architecture Assessment | B21: =IF(ISNUMBER(Interview!$J$147),Interview!$J$147,SUM(LEFT(Interview!$J$147),".5")) -> 0 | C21: =Roadmap!M102 -> 0 | D21: =C21 -> 0 | E21: =Roadmap!Q102 -> 0 | F21: =E21 -> 0 | G21: =Roadmap!U102 -> 0 | H21: =G21 -> 0 | I21: =Roadmap!Y102 -> 0 | J21: =I21 -> 0 | K21: =IFERROR(I21-B21,I21-LEFT(B21,1)) -> 0 | Z21: =A21 -> Architecture Assessment | AA21: =I21 -> 0 | AB21: =G21 -> 0 | AC21: =E21 -> 0 | AD21: =C21 -> 0 | AE21: =B21 -> 0
A22: Requirements Testing | B22: =IF(ISNUMBER(Interview!$J$161),Interview!$J$161,SUM(LEFT(Interview!$J$161),".5")) -> 0 | C22: =Roadmap!M111 -> 0 | D22: =C22 -> 0 | E22: =Roadmap!Q111 -> 0 | F22: =E22 -> 0 | G22: =Roadmap!U111 -> 0 | H22: =G22 -> 0 | I22: =Roadmap!Y111 -> 0 | J22: =I22 -> 0 | K22: =IFERROR(I22-B22,I22-LEFT(B22,1)) -> 0 | L22: =A13 -> Policy & Compliance | Z22: =A22 -> Requirements Testing | AA22: =I22 -> 0 | AB22: =G22 -> 0 | AC22: =E22 -> 0 | AD22: =C22 -> 0 | AE22: =B22 -> 0
A23: Security Testing | B23: =IF(ISNUMBER(Interview!$J$175),Interview!$J$175,SUM(LEFT(Interview!$J$175),".5")) -> 0 | C23: =Roadmap!M120 -> 0 | D23: =C23 -> 0 | E23: =Roadmap!Q120 -> 0 | F23: =E23 -> 0 | G23: =Roadmap!U120 -> 0 | H23: =G23 -> 0 | I23: =Roadmap!Y120 -> 0 | J23: =I23 -> 0 | K23: =IFERROR(I23-B23,I23-LEFT(B23,1)) -> 0 | Z23: =A23 -> Security Testing | AA23: =I23 -> 0 | AB23: =G23 -> 0 | AC23: =E23 -> 0 | AD23: =C23 -> 0 | AE23: =B23 -> 0
A24: Incident Management | B24: =IF(ISNUMBER(Interview!$J$190),Interview!$J$190,SUM(LEFT(Interview!$J$190),".5")) -> 0 | C24: =Roadmap!M130 -> 0 | D24: =C24 -> 0 | E24: =Roadmap!Q130 -> 0 | F24: =E24 -> 0 | G24: =Roadmap!U130 -> 0 | H24: =G24 -> 0 | I24: =Roadmap!Y130 -> 0 | J24: =I24 -> 0 | K24: =IFERROR(I24-B24,I24-LEFT(B24,1)) -> 0 | Z24: =A24 -> Incident Management | AA24: =I24 -> 0 | AB24: =G24 -> 0 | AC24: =E24 -> 0 | AD24: =C24 -> 0 | AE24: =B24 -> 0
A25: Environment Management | B25: =IF(ISNUMBER(Interview!$J$204),Interview!$J$204,SUM(LEFT(Interview!$J$204),".5")) -> 0 | C25: =Roadmap!M139 -> 0 | D25: =C25 -> 0 | E25: =Roadmap!Q139 -> 0 | F25: =E25 -> 0 | G25: =Roadmap!U139 -> 0 | H25: =G25 -> 0 | I25: =Roadmap!Y139 -> 0 | J25: =I25 -> 0 | K25: =IFERROR(I25-B25,I25-LEFT(B25,1)) -> 0 | Z25: =A25 -> Environment Management | AA25: =I25 -> 0 | AB25: =G25 -> 0 | AC25: =E25 -> 0 | AD25: =C25 -> 0 | AE25: =B25 -> 0
A26: Operational Management | B26: =IF(ISNUMBER(Interview!$J$218),Interview!$J$218,SUM(LEFT(Interview!$J$218),".5")) -> 0 | C26: =Roadmap!M148 -> 0 | D26: =C26 -> 0 | E26: =Roadmap!Q148 -> 0 | F26: =E26 -> 0 | G26: =Roadmap!U148 -> 0 | H26: =G26 -> 0 | I26: =Roadmap!Y148 -> 0 | J26: =I26 -> 0 | K26: =IFERROR(I26-B26,I26-LEFT(B26,1)) -> 0 | Z26: =A26 -> Operational Management | AA26: =I26 -> 0 | AB26: =G26 -> 0 | AC26: =E26 -> 0 | AD26: =C26 -> 0 | AE26: =B26 -> 0
B28: SAMM velocity: | C28: =SUM(C12:C26)-SUM(B12:B26) -> 0 | E28: =SUM(E12:E26)-SUM(C12:C26) -> 0 | G28: =SUM(G12:G26)-SUM(E12:E26) -> 0 | I28: =SUM(I12:I26)-SUM(G12:G26) -> 0 | K28: =SUM(K12:K26) -> 0
C29: =IFERROR(C28/$K$28,0) -> 0 | E29: =IFERROR(E28/$K$28,0) -> 0 | G29: =IFERROR(G28/$K$28,0) -> 0 | I29: =IFERROR(I28/$K$28,0) -> 0 | K29: =1-K28/24 -> 1
L30: =A14 -> Education & Guidance
A32: Valid Maturity Levels | B32: 0
B33: 0.5
B34: 1
B35: 1.5
B36: 2
B37: 2.5
B38: 3 | L38: =A15 -> Threat Assessment
L46: =A16 -> Security Requirements
L54: =A17 -> Secure Architecture
L62: =A18 -> Secure Build
L70: =A19 -> Secure Deployment
L78: =A20 -> Defect Management
L86: =A21 -> Architecture Assessment
L94: =A22 -> Requirements Testing
L102: =A23 -> Security Testing
L110: =A24 -> Incident Management
L118: =A25 -> Environment Management
L126: =A26 -> Operational Management

Sheet Lookups
A1: Notes: Data in this worksheet is used to feed the Interview worksheet and Roadmap worksheet and provides answers and values. Please do not edit without understanding the potential impact to the SAMM model as it will alter the scoring model. There are currently seven categories of answers, the colors/numbers in column I indicate which questions in which Business Function are using that specific answer category. | M1: =IF(M2=M3,"OK","Problem") -> Problem
M2: =COUNTA(M4:M200) -> 25
A3: Answer | C3: Rating Scale | M3: =COUNTA('imp-answers'!A2:A200) -> 24
A4: Yes | C4: 3 | D4: 3 | E4: 3 | F4: 6 | H4: A | I4: 1 | J4: No | K4: 0 | M4: =CHAR(65+N4) -> A | N4: 0 | P4: =INDEX('imp-answers'!$B$2:$B$50, MATCH($N4, 'imp-answers'!$A$2:$A$50, 0)) -> No | Q4: =INDEX('imp-answers'!$F$2:$F$50, MATCH($N4, 'imp-answers'!$A$2:$A$50, 0)) -> 0
A5: No | C5: 2.01 | D5: 2.99 | E5: 2+ | F5: 5 | J5: Yes, it's less than a year old | K5: 0.2 | P5: =INDEX('imp-answers'!$C$2:$C$50, MATCH($N4, 'imp-answers'!$A$2:$A$50, 0)) -> Yes, for some applications | Q5: =INDEX('imp-answers'!$G$2:$G$50, MATCH($N4, 'imp-answers'!$A$2:$A$50, 0)) -> 0.25
C6: 2 | D6: 2 | E6: 2 | F6: 4 | J6: Yes, it's a number of years old | K6: 0.5 | P6: =INDEX('imp-answers'!$D$2:$D$50, MATCH($N4, 'imp-answers'!$A$2:$A$50, 0)) -> Yes, for at least half of the applications | Q6: =INDEX('imp-answers'!$H$2:$H$50, MATCH($N4, 'imp-answers'!$A$2:$A$50, 0)) -> 0.5
C7: 1.01 | D7: 1.99 | E7: 1+ | F7: 3 | I7: 2 | J7: Yes, it's a pretty mature program | K7: 1 | P7: =INDEX('imp-answers'!$E$2:$E$50, MATCH($N4, 'imp-answers'!$A$2:$A$50, 0)) -> Yes, for most or all of the applications | Q7: =INDEX('imp-answers'!$I$2:$I$50, MATCH($N4, 'imp-answers'!$A$2:$A$50, 0)) -> 1
C8: 1 | D8: 1 | E8: 1 | F8: 2
C9: 0.01 | D9: 0.99 | E9: 0+ | F9: 1 | H9: B | I9: 2,3,6,9 | J9: No | K9: 0
C10: 0 | D10: 0 | E10: 0 | F10: 0 | I10: 5 | J10: Yes, some of them are aware | K10: 0.2 | M10: =CHAR(65+N10) -> B | N10: 1 | P10: =INDEX('imp-answers'!$B$2:$B$50, MATCH($N10, 'imp-answers'!$A$2:$A$50, 0)) -> No | Q10: =INDEX('imp-answers'!$F$2:$F$50, MATCH($N10, 'imp-answers'!$A$2:$A$50, 0)) -> 0
I11: 4,15 | J11: Yes, approx. half of them are aware | K11: 0.5 | P11: =INDEX('imp-answers'!$C$2:$C$50, MATCH($N10, 'imp-answers'!$A$2:$A$50, 0)) -> Yes, some of them | Q11: =INDEX('imp-answers'!$G$2:$G$50, MATCH($N10, 'imp-answers'!$A$2:$A$50, 0)) -> 0.25
I12: 1,3,5,12 | J12: Yes, most of them are aware | K12: 1 | P12: =INDEX('imp-answers'!$D$2:$D$50, MATCH($N10, 'imp-answers'!$A$2:$A$50, 0)) -> Yes, at least half of them | Q12: =INDEX('imp-answers'!$H$2:$H$50, MATCH($N10, 'imp-answers'!$A$2:$A$50, 0)) -> 0.5
P13: =INDEX('imp-answers'!$E$2:$E$50, MATCH($N10, 'imp-answers'!$A$2:$A$50, 0)) -> Yes, most or all of them | Q13: =INDEX('imp-answers'!$I$2:$I$50, MATCH($N10, 'imp-answers'!$A$2:$A$50, 0)) -> 1
H14: C | I14: 4,5,7,12,13,14,16,17,18 | J14: No | K14: 0
I15: 1,2,3,6,7,8,10,11,12,15,19 | J15: Yes, a small percentage are/do | K15: 0.2
I16: 1,2,3,5,8,10,13,14,17,18 | J16: Yes, at least half of them are/do | K16: 0.5 | M16: =CHAR(65+N16) -> C | N16: 2 | P16: =INDEX('imp-answers'!$B$2:$B$50, MATCH($N16, 'imp-answers'!$A$2:$A$50, 0)) -> No | Q16: =INDEX('imp-answers'!$F$2:$F$50, MATCH($N16, 'imp-answers'!$A$2:$A$50, 0)) -> 0
I17: 6,7,9,11,14,15,16,17 | J17: Yes, the majority of them are/do | K17: 1 | P17: =INDEX('imp-answers'!$C$2:$C$50, MATCH($N16, 'imp-answers'!$A$2:$A$50, 0)) -> Yes, some content | Q17: =INDEX('imp-answers'!$G$2:$G$50, MATCH($N16, 'imp-answers'!$A$2:$A$50, 0)) -> 0.25
P18: =INDEX('imp-answers'!$D$2:$D$50, MATCH($N16, 'imp-answers'!$A$2:$A$50, 0)) -> Yes, at least half of the content | Q18: =INDEX('imp-answers'!$H$2:$H$50, MATCH($N16, 'imp-answers'!$A$2:$A$50, 0)) -> 0.5
H19: D | I19: 8,15,20 | J19: No | K19: 0 | P19: =INDEX('imp-answers'!$E$2:$E$50, MATCH($N16, 'imp-answers'!$A$2:$A$50, 0)) -> Yes, most or all of the content | Q19: =INDEX('imp-answers'!$I$2:$I$50, MATCH($N16, 'imp-answers'!$A$2:$A$50, 0)) -> 1
I20: 13 | J20: Yes, we did it once | K20: 0.2
J21: Yes, we do it every few years | K21: 0.5
I22: 18 | J22: Yes, we do it at least annually | K22: 1 | M22: =CHAR(65+N22) -> D | N22: 3 | P22: =INDEX('imp-answers'!$B$2:$B$50, MATCH($N22, 'imp-answers'!$A$2:$A$50, 0)) -> No | Q22: =INDEX('imp-answers'!$F$2:$F$50, MATCH($N22, 'imp-answers'!$A$2:$A$50, 0)) -> 0
P23: =INDEX('imp-answers'!$C$2:$C$50, MATCH($N22, 'imp-answers'!$A$2:$A$50, 0)) -> Yes, for some of the training | Q23: =INDEX('imp-answers'!$G$2:$G$50, MATCH($N22, 'imp-answers'!$A$2:$A$50, 0)) -> 0.25
H24: E | I24: 10 | J24: No | K24: 0 | P24: =INDEX('imp-answers'!$D$2:$D$50, MATCH($N22, 'imp-answers'!$A$2:$A$50, 0)) -> Yes, for at least half of the training | Q24: =INDEX('imp-answers'!$H$2:$H$50, MATCH($N22, 'imp-answers'!$A$2:$A$50, 0)) -> 0.5
J25: No, it is not applicable | K25: 1 | P25: =INDEX('imp-answers'!$E$2:$E$50, MATCH($N22, 'imp-answers'!$A$2:$A$50, 0)) -> Yes, for most or all of the training | Q25: =INDEX('imp-answers'!$I$2:$I$50, MATCH($N22, 'imp-answers'!$A$2:$A$50, 0)) -> 1
J26: Yes, but on an adhoc basis | K26: 0.5
I27: 19 | J27: Yes | K27: 1
M28: =CHAR(65+N28) -> E | N28: 4 | P28: =INDEX('imp-answers'!$B$2:$B$50, MATCH($N28, 'imp-answers'!$A$2:$A$50, 0)) -> No | Q28: =INDEX('imp-answers'!$F$2:$F$50, MATCH($N28, 'imp-answers'!$A$2:$A$50, 0)) -> 0
H29: F | I29: 11,19 | J29: No | K29: 0 | P29: =INDEX('imp-answers'!$C$2:$C$50, MATCH($N28, 'imp-answers'!$A$2:$A$50, 0)) -> Yes, some of the time | Q29: =INDEX('imp-answers'!$G$2:$G$50, MATCH($N28, 'imp-answers'!$A$2:$A$50, 0)) -> 0.25
I30: 9,14,17 | J30: Yes, teams write/run their own | K30: 0.2 | P30: =INDEX('imp-answers'!$D$2:$D$50, MATCH($N28, 'imp-answers'!$A$2:$A$50, 0)) -> Yes, at least half of the time | Q30: =INDEX('imp-answers'!$H$2:$H$50, MATCH($N28, 'imp-answers'!$A$2:$A$50, 0)) -> 0.5
J31: Yes, there is a standard set | K31: 0.5 | P31: =INDEX('imp-answers'!$E$2:$E$50, MATCH($N28, 'imp-answers'!$A$2:$A$50, 0)) -> Yes, most or all of the time | Q31: =INDEX('imp-answers'!$I$2:$I$50, MATCH($N28, 'imp-answers'!$A$2:$A$50, 0)) -> 1
J32: Yes, the standard set is integrated | K32: 1
H34: G | J34: No | K34: 0 | M34: =CHAR(65+N34) -> F | N34: 5 | P34: =INDEX('imp-answers'!$B$2:$B$50, MATCH($N34, 'imp-answers'!$A$2:$A$50, 0)) -> No | Q34: =INDEX('imp-answers'!$F$2:$F$50, MATCH($N34, 'imp-answers'!$A$2:$A$50, 0)) -> 0
I35: 16,18 | J35: Yes, localized to business areas | K35: 0.2 | P35: =INDEX('imp-answers'!$C$2:$C$50, MATCH($N34, 'imp-answers'!$A$2:$A$50, 0)) -> Yes, we started implementing it | Q35: =INDEX('imp-answers'!$G$2:$G$50, MATCH($N34, 'imp-answers'!$A$2:$A$50, 0)) -> 0.25
I36: 6,7,9,11,12,16,19 | J36: Yes, across the organization | K36: 0.5 | P36: =INDEX('imp-answers'!$D$2:$D$50, MATCH($N34, 'imp-answers'!$A$2:$A$50, 0)) -> Yes, for part of the organization | Q36: =INDEX('imp-answers'!$H$2:$H$50, MATCH($N34, 'imp-answers'!$A$2:$A$50, 0)) -> 0.5
I37: 4,8,10,13 | J37: Yes, across the organization and required | K37: 1 | P37: =INDEX('imp-answers'!$E$2:$E$50, MATCH($N34, 'imp-answers'!$A$2:$A$50, 0)) -> Yes, for the entire organization | Q37: =INDEX('imp-answers'!$I$2:$I$50, MATCH($N34, 'imp-answers'!$A$2:$A$50, 0)) -> 1
H39: H
M40: =CHAR(65+N40) -> G | N40: 6 | P40: =INDEX('imp-answers'!$B$2:$B$50, MATCH($N40, 'imp-answers'!$A$2:$A$50, 0)) -> No | Q40: =INDEX('imp-answers'!$F$2:$F$50, MATCH($N40, 'imp-answers'!$A$2:$A$50, 0)) -> 0
P41: =INDEX('imp-answers'!$C$2:$C$50, MATCH($N40, 'imp-answers'!$A$2:$A$50, 0)) -> Yes, for some components | Q41: =INDEX('imp-answers'!$G$2:$G$50, MATCH($N40, 'imp-answers'!$A$2:$A$50, 0)) -> 0.25
P42: =INDEX('imp-answers'!$D$2:$D$50, MATCH($N40, 'imp-answers'!$A$2:$A$50, 0)) -> Yes, for at least half of the components | Q42: =INDEX('imp-answers'!$H$2:$H$50, MATCH($N40, 'imp-answers'!$A$2:$A$50, 0)) -> 0.5
P43: =INDEX('imp-answers'!$E$2:$E$50, MATCH($N40, 'imp-answers'!$A$2:$A$50, 0)) -> Yes, for most or all of the components | Q43: =INDEX('imp-answers'!$I$2:$I$50, MATCH($N40, 'imp-answers'!$A$2:$A$50, 0)) -> 1
M46: =CHAR(65+N46) -> H | N46: 7 | P46: =INDEX('imp-answers'!$B$2:$B$50, MATCH($N46, 'imp-answers'!$A$2:$A$50, 0)) -> No | Q46: =INDEX('imp-answers'!$F$2:$F$50, MATCH($N46, 'imp-answers'!$A$2:$A$50, 0)) -> 0
